reviewId,userName,sentiment,content,score,at
d0abf486-d097-4d46-898d-89795f29dd9c,JFG Arrahman,2,Tokped mantaap,5,2024-12-22 18:44:48
fbcc22d9-e2b8-4e21-b488-f3723c5a8237,Er Nap,1,"kurir pengiriman nya sangat mengecewakan ID express jangan dipake jelek... !, selalu menunda2 pengiriman mirip pejabat desa cari cuan. jangan pakai apk lokal ini sebelum dibikin jengke pengalaman buruk belanjal....!!!!",1,2024-12-22 18:44:29
5d7981f4-7614-4763-90a8-8f455b60c33b,Okki Karyadi,1,"Pembatalan belanja status masih proses butuh waktu lama.. harus tunggu persetujuan seller, harusnya seperti toko orange tidak harus tunggu persetujuan seller.",3,2024-12-22 18:41:54
2ba475a4-bdd2-4353-91d9-ef75586f04be,Muhammad Yusuf Agung,1,"satu fitur yang sangat disayangkan hilang tanpa ada penjelasan. Yaitu split payment, padahal bisa digunakan untuk membeli barang sekaligus meningkatkan limit baik dari cc tokopedia card atau Gopaylater. Mohon untuk tanggapannya",5,2024-12-22 18:37:13
6e5e163a-b516-470f-95ae-f9c280a386b4,Ardi ero,2,toped mantab,5,2024-12-22 18:36:44
d4399e14-3039-4623-b7e7-919efe760d73,Dandi Rachman Maulana,1,Tabungan emas saya kapan di jadikan saldo tokped nya ?,1,2024-12-22 18:35:02
8aa807dd-0f63-4245-9027-eee3c4c5c07c,sitti aisyah,2,sangat bagus aplikasinya sangat memuaskan,5,2024-12-22 18:29:34
2cf772de-3b14-4d34-b0c7-f3c561bccac4,Budi Jaya,0,ok,5,2024-12-22 18:17:54
aa454fe7-06d6-4eef-824c-42817e7cb9b4,Atsal AInun,2,aplikasi pesan online favorit gua ini mah,5,2024-12-22 18:12:42
ea61039c-2809-4467-974d-d5ae12645ff8,Rafadlis,0,"Saya kurang setuju kalau official diganti jadi Mall, terus jadi cuma ada dua jenis toko. padahal menurut saya konsep official itu lebih bagus daripada mall, karena kurang sesaui dengan konteks, yang official belum tentu mall, mall kan lebih ke tempat gede. Terus dengan adanya 3 jenis toko kita bisa estimasi mana yang resmi, gede, dan kecil Apa lagi kan itu ciri khas tokopedia pakai official dan lainnya, kenapa harus ikut ikut yang lain? Sayang sekali sih, ikonik padahal, kecewa",1,2024-12-22 18:01:34
dbd7c3ed-fae5-4cfe-bf08-c76eccaed69e,Muhamad Afrizal Mahmudi,1,"sudah tahu bakalan dibatalin sistem pembayarannya, sudah terlanjur pakai promonya, dan setelah batal malah diskon promonya tidak di kembalikan.",1,2024-12-22 17:56:38
7bf62db3-158d-4492-a81f-1d11305d6211,Mhmmd Dvs,2,good,3,2024-12-22 17:54:39
6ba0ce12-d470-4134-81f4-4d08c9d3023d,A pd,0,tetap semangat dan staaaay hot toped ... and other market too....,5,2024-12-22 17:47:58
a33db12f-8695-4357-9de6-820ca9543c86,angelin silence (angel),1,"Mau cek out selalu gagal ,""maaf ada gangguan,silahkan coba lagi"" terus saja coba lagi sampai w gangguan jiwa😬😬😬",1,2024-12-22 17:33:09
7f28090b-0453-407c-b7e4-08b6d4665a60,Neni,2,Belanja hemat banyak diskon,5,2024-12-22 17:23:18
79f5ce25-94e0-4f56-93b1-3ad03e72a312,Ramadhoni Tifan,1,kenapa kalau sudah deket sama lokasi rumah kok harus tunggu estimasi tanggal!!!!,1,2024-12-22 17:11:00
041e1cf4-2a6f-4864-b317-ed8086f08a83,joyo ningrad,2,mantap jos,5,2024-12-22 17:04:30
34bf8e1e-7147-411b-a6b4-75e231865e30,Mursyid Efendi,2,Puas sekali,5,2024-12-22 16:58:34
c388a81e-8120-433c-85b8-0669079aba19,Ridha Jalil,2,Tdk pernah mengecewakan,5,2024-12-22 16:58:24
f1e9112a-27b4-4d49-bda3-3f844d4d92bc,Aditya Putra,1,"Habis update di tokopedia lite gabisa pakai kupon, terus kalau buka di tokopedia satunya harga terpaut beda jauh ajg lah",1,2024-12-22 16:57:32
091ad8df-5936-4fd3-8957-cb0b05d60fcf,Jumaidi Jumaidi,2,yoi,5,2024-12-22 16:43:59
594d220e-7833-4e8f-8721-4f1e623f23a3,Mario Gotrel,2,mantapp,5,2024-12-22 16:42:51
11b8977e-d133-43b3-8d63-46d3d4e611d1,Siti Sugih Rahmahyanti,2,"Puas belanja ditoko pedia,Belanja lebih menarik ,sekarang lebih banyak promo dan gratis ongkir,brang brang juga bagus original semua.",5,2024-12-22 16:42:40
abe8e4ca-fd08-49cd-aa3a-44d338188363,Tasya Firya,2,"Baru 2 hari pakai apk ini dapat diskon sebagai pengguna baru promonya besar²an tapi sangat di sayangkan kadang di etalase tersedia waktunya cekout pas kita ini dapat vocher diskon seller pasti bilang barang kosong dan suruh membatalkan,sudah 2x belanja dapat vocher diskon besar tapi seller selalu bilang barang kosong dan suruh membatalkan pesanan. Sebenarnya harus di croscheck lagi apakah barang atau tidak dn mengubah stok di etalase tersebut agar tidak mengecawakan konsumen. 2x dapat seller tidak jls",1,2024-12-22 16:39:04
3fd568d9-4392-41e2-9950-d464cda5b70d,onell Gusti nugraha,2,Aplikasi yang cerdas yang di butuhkan saat ini,5,2024-12-22 16:33:31
0847eac2-dab9-4654-b24c-69453bb13008,Imas Channel,2,bagus,5,2024-12-22 16:22:31
5cd72e68-b43a-41dc-b9a9-0e58eb7e4296,mahirensyah hirz,0,ok,5,2024-12-22 15:51:31
42997e90-3563-4160-a9d7-680d533f8cf6,Devandra Purnama,0,Tolong dong min toko pedia bisakan cod ...,4,2024-12-22 15:51:26
27f75046-eefd-4810-aabf-43114f131881,Irta Maulana,0,harus sesuai dan amanah,5,2024-12-22 15:35:57
b60f30d5-1a2a-4d04-bf47-b5f2989d9f4c,usmya mee150,0,"Tokopedia saya gabisa dibuka ,punya suami juga tidak bisa di buka padahal sudah di update berkali2, kenapa ya?",2,2024-12-22 15:31:57
ee0a5682-bf23-43ed-b2c0-0ff2311aea7b,muhammad Idris Darmawan,1,"Payah ganti nomor tidak aktif tidak bisa, sudah 2x kirim data yang sama tetap tidak bisa",2,2024-12-22 15:29:31
af962a15-d962-4fc3-b554-666233bd6dd0,Cakra yudha (Cakra),1,Abis di apdet ko mlh tidak bisa login parah,1,2024-12-22 15:01:58
079117b9-cc71-4574-b118-3ff4e859ebff,Astrian Wina,2,suka sekali hadiahnya beneran,5,2024-12-22 14:51:52
f9daf2ee-a435-4ce3-9ebf-d8e7fca44632,Rasya Alkhairy,0,mantap tapi ini benar 3 jam harus,5,2024-12-22 14:44:01
3c8bed8f-2804-4d6a-8779-cf23335d1c2e,FahruEX_act,1,banyak bug bnyk halaman loadingnya eror,2,2024-12-22 14:39:35
a3eb277a-94ae-41ce-baaa-cb6f24b20ad8,Rifki Ardiansyah,2,baik,5,2024-12-22 14:15:42
b655baf5-8d0d-42ef-a89d-daddf1a5a5a3,dimas fbr,2,sangat mudah dan bagus,5,2024-12-22 14:09:17
5c8c87cb-2415-4fd1-8db7-7b0ed5e72ff4,Dedik Kurniawan,2,baik,5,2024-12-22 14:07:36
c4bed979-1e31-4b69-bc86-5ed079024439,yu asih,2,memuaskan,5,2024-12-22 14:06:13
80fd6bd1-f446-4d7b-a52f-7f45b6df7c3b,Nur Cahyoo,1,"Pengiriman rekomendasi dioper Sanah sinih buat barang rusak 😑 sudah bener disinih eh tau"" sudah pindah expedisi 🥱 kalau overload bisa pindah expedisi lagi 😑",1,2024-12-22 14:05:23
7bec9888-afb0-41b9-9766-def3b7fe2fe8,Arief Brantaz,2,puas sekali,5,2024-12-22 13:50:50
02b845a0-d6ce-4756-821e-e71122cd9c6e,Dheanata Pratiwi,0,sudah bagus saja sh,5,2024-12-22 13:44:20
0620a298-0cac-4082-a7e9-60d2abe6e6c0,BR chanel,1,Pihak tokopedia tolonglah respon keluhan di perhatiin masa saya pesan barang ditahan gudang terus..,1,2024-12-22 13:40:29
28478ba2-73eb-45d6-92de-13d718936b50,Hendro Erick,0,"Kepada Yth, Tokopedia, ini hanya sedikit masukkan saja, lebih baik fokus untuk mempertahankan pelanggan lama, ketimbang jor2an traktirin pengguna baru, tapi itu ya terserah dari Toped ajah, mau dimasukin ya sukur, tidak jga gpp, semoga saja Toped bisa membuat aplikasi versi LITE nya yang bersahabat dengan QUOTA internet yang pas pasan, seperti hal nya toko oren juga fb lite, jadi tidak cuma fokus di jualan doang tapi memikirkan QOUTA internet di masa2 PPN 12% yang pastinya mengurangi daya beli masyarakat",1,2024-12-22 13:34:51
95fabf76-5187-4e2d-b256-94009b890d39,ESTOMIHI MARBUN,1,"gak respect lagi dengan tokped , banyak hal yang di kecewain seller tapi susah untuk batalkan , mending ke si Oren",2,2024-12-22 13:27:11
2bb816f8-ad7e-47e3-958b-fd620ddbae84,Mulyana Mulyana bin namin,2,top,5,2024-12-22 13:22:05
cab3de59-be70-4353-b0f6-b09b6aa29572,Fadli Adbamilah,2,keren semua barang yang gua cari ada semua disini jir👍🏿🙏🏿🥵,5,2024-12-22 13:19:32
c4bcb94f-567c-4584-835d-445d39b8e278,Jevi Mauri,2,"Lengkap, barang ori",5,2024-12-22 12:49:36
0c6d157a-b17d-42ca-bae9-c4d15217bc3f,Januar Tofan,1,"kenapa saya kasih rate 1? Masukan tidak pernah digubris, pilihan kurir rekomendasi tidak bisa milih, langsung auto, aplagi kena yang katanya sicepat tapi leletnya minta ampun, disini tempat saya males smua pegawainya, pernah sampai 2 hari barang tidak diantar, sampai terpaksa harus ngambil sendiri. Jangan diam saya pihak tokopedia dengar masukan dari semua pengguna",1,2024-12-22 12:45:38
681df407-9f55-4be0-b9a9-1b24ac6761f6,Aurelia azka,0,"Tokopedia kalau kasih voucher dikasih pengertiannya juga dong biar kita tahu kalau itu voucher bisa dipake kapan,batas waktunya kapan, minimal belanja brp atau apa gitu. sebel sekali kalau pkae voucher di Tokopedia pasti gabisa dipakai tapi gaada tulisan knp itu voucher gabisa di pakai.",4,2024-12-22 12:41:13
d5e4b083-4c9a-4643-bbac-72926c7caa76,Muttaqin Udin,2,sangat membantu,5,2024-12-22 12:35:38
2ffe57c4-f001-448a-bf6e-271af2b7dd5b,akbar aditya,2,"Halo min ini kenapa payment lewat dana koo tidak bisa yaa sudah seminggu apakah eror payment nya,saya kasih bintang 5 soalnya bagus sekali banyak diskon tapi tolong min payment dananya eror atau giman",5,2024-12-22 12:18:38
fb398e1f-deb4-432c-b20c-cb4af43246c3,Lia Agustini,2,banyak promo dan gratis ongkir nya🥰,5,2024-12-22 12:17:36
aa486aca-d3d9-46b4-ba81-97cc3d44f706,Kheiza Anastasya Ramandhani,2,Bagus,5,2024-12-22 12:16:28
aee4d0c4-4571-4173-b935-58d79df11f4b,Maruf Khiyarulah,1,"Ampas betul, sudah klaim voucher malah voucher nya tidak nempel tidak lagi deh gunakan Tokopedia, mending pakai orange dan biru",1,2024-12-22 12:05:33
92c7ecdb-65d4-4b15-b8e5-ebcf0bf9f72d,ARK Shadow,0,Kenapa tidak bisa login,5,2024-12-22 12:04:48
0d000920-ca2f-4ac5-b2f8-3636d18f30c3,Faza Liha,2,Mantap betul ini apk. Dari harga puluhan jadi satuan dari ratusan jadi pulihan. Mantap lah,5,2024-12-22 11:48:13
b2cbd81c-99cc-43ec-a2e5-017fa9fde513,devi Opay nizam,2,ok,5,2024-12-22 11:34:17
8088461f-56f3-425a-801c-6dc757dcb444,Muahmmad Amrillah,2,mantul,5,2024-12-22 11:32:31
5abe33ca-df92-45e3-8716-408b5fdf1dba,Hericandra hjkarpet,2,Tetap dan setia toko ijo,5,2024-12-22 11:31:32
e5e76911-2047-423d-b831-41ce83a0b364,Ahmad Naufal yahya,0,gak bisa update,5,2024-12-22 11:20:57
b1988540-d7c3-4619-9b3f-dc167265ad86,Mazaya Maza,2,belanja makin mudah,5,2024-12-22 11:05:25
12d6820f-b1a4-478c-8e5f-33b381e9e77e,Ringgie Pandu Clinton Pakphan,2,bagus sekali aplikasi tokopedia,5,2024-12-22 10:57:50
de08be2e-7184-4138-9f8e-fd6f2c6045a3,Ayu Soraya,2,sangat bagus,5,2024-12-22 10:55:57
9c028919-31aa-40cd-aafa-5bcac4a6b011,Daniel Alexander,1,"sebuah kemunduran dari Tokopedia, dulu pengiriman bisa 1-2 hari, sekarang 4hari bahkan sampai 7hari lebih, semoga introspeksi saja deh, mending dihapus yang namanya Kurir Rekomendasi, kalah bersaing sama marketplace lain, atau buat Expedisi sendiri seperti yang lain, jangan suka oper oper paket antar expedisi (kelakuan kurir rekomendasi), jelek banget.",1,2024-12-22 10:50:28
679a37c7-b777-4228-b09e-4067a0e1c29d,DENDY MA,1,edit voucher di keranjang belanja sudah tidak bisa tah? harus checkout dulu baru bisa edit voucher yang mau di pake? percayalah kurang efesien hal seperti ini,3,2024-12-22 10:29:02
97cce161-e896-438d-ad9f-d57e7eac1faa,guszan drianur,2,baik,5,2024-12-22 10:20:29
dc9a60a9-6ae5-4daf-9042-214ad6b70248,henny rakhmawati,1,lawak,1,2024-12-22 10:07:28
2eb42927-a8dd-4639-b0c1-be848a6983ef,Neni Nuraeni,2,ayuk belanja di tokopedia barang bagus tidak pernah ngecewain pelanggan.dn banyak gratis ongkir yh,5,2024-12-22 10:00:22
e3c71cff-b877-4e67-9da7-d7879046c995,Haiqal Rainhard (Eqal),2,"bismillah Masyaallah, mantap",5,2024-12-22 09:53:14
b3061b23-8534-4d4a-99cb-192f767c238a,Zaki Ahmad fauzi,2,banyak diskonnya semoga tambah banyak lagi jadi sering checkout murah meriah diskon gratis ongkir dan barang semoga update nanti banyak diskonnya,5,2024-12-22 09:51:12
144bb2d2-3213-4685-b961-3ee904001243,Dian Heffi,1,"Kecewa sumpah, sudah dapat barang murah Kebetulan alamat ku salah, sudah tidak ada buat edit alamat pas di batalin vocer pengguna baru malah tidak balik alhasil balik harga aslinya, langsung ku uninstall apk nya",1,2024-12-22 09:45:54
c41764f2-6708-487c-a623-29d8762a6622,Siti nur Azizah,2,harganya terjangkau di Tokopedia,5,2024-12-22 09:31:55
5f6b8977-69bf-455a-9d83-1a381719e98d,Motor Pilot,1,"Paket ketahan di expedisi tapi mau hubungin cs susah,cek resi nya cuma bisa di app.mending di sebelah jelas akurat",2,2024-12-22 09:31:29
28dda5ca-2114-4325-91bd-eb8b7a67e162,lay yixing,1,Sekarang makin lama ya pengirimannya.,5,2024-12-22 09:25:46
ce705b3b-c053-460f-ae97-aa86bc85bb67,Rosi Rismawati,2,mantep bangettt diskonan nya ... semoga ajaa setiap hari yaa ka 😊 buat jualan akuuu biar tambah laris semangat 🥰,5,2024-12-22 09:17:33
76291912-e632-42ba-94ba-aeb8e65494f0,Rian Rian Aja,1,Pembayaranya ribet mau pakai dana yang no hpnya beda sama akun tokopedianya harus di ganti dulu nomernya yang mudah malah di buat ribet anehh,1,2024-12-22 09:02:11
6802eed5-72e8-44b1-ac6b-250754ee6cd8,singgih t,2,keren,5,2024-12-22 08:56:43
8651bd8b-9b36-4607-8efd-a2fe92536045,Reksa Jaladara,1,Komplain nya susah 4 hari tidak selesai selesai (Beli charger tidak fungsi) Segitu official storenya Ini sudah parah sekali sistem komplainnya Mau balikin barang saja Kurir pick up nya gagal lagi gagal lagi Berhari hari,1,2024-12-22 08:54:30
2fea7b13-4cd2-437b-b3da-4f8a83ca8e67,abee deen,1,"Pamer kupon tapi tidak bida di pake,selalu membalkan pesanan dari sistem...lebih baik tidak usah pamer kupon",1,2024-12-22 08:45:43
9549d952-c0b5-4d5c-906e-c42bd7afd785,Junaedi Juned,2,mantap terbaik pokoknya,5,2024-12-22 08:43:14
c998a8f3-b401-428f-9b56-32f1bd9c6ccf,Dwi Jayanti,2,banyak vouchernya trimakasih toped,5,2024-12-22 08:41:26
d51fc828-4283-4dd8-a340-07f2580b2ad3,Ach Muadz,2,terikasih tokped,1,2024-12-22 08:40:38
de651078-4856-4946-929e-b3b66d472ffe,aryanto chandra,1,Tambah hari tambah kacau transaksi di tokped..,1,2024-12-22 08:39:06
b37c5ec5-d933-4598-81f9-0672ad2f1f5e,Sokhati,1,aplikasinya bagus tapi ongkirnya mahal mahal sekali 😫 ada yang sampai 20rb keatas,3,2024-12-22 08:35:15
43129523-cb84-42f9-be1e-e5cda87111af,Thanawat Kayona filberth,0,Saya pengguna baru memang dapat promo besar besaran tetapi semua produk tidak ada pembayaran COD🥺,5,2024-12-22 08:28:32
35411677-19ab-4719-9cdc-61303abc4bb4,Mizu Kamis,1,Pembelian ditolak sistem padahal sudah bayar dan uang nya tidak bisa diambil parah ini aplikasi jelek sekali,1,2024-12-22 07:49:43
e3e6d5e1-0634-4582-b2d0-88bc0d56252f,wardi,2,Mantep,5,2024-12-22 07:47:23
0819ceb7-5e59-44a1-9110-6ee18ce0a84e,Amran Yusup,2,sangat membantu,5,2024-12-22 07:46:40
30dc1a5e-1b33-47f5-8580-0be2592af12b,Anto Gondes05,1,tingkatan pelayanannya,5,2024-12-22 07:39:41
33cc648e-3a34-4b5f-9e94-a0f4e2d6143f,joko suryanto,1,Aplikasi e-commerce yang mudah digunakan dan banyak promo,5,2024-12-22 06:53:31
91618a9c-5007-4886-b9bf-bef84bee6cbc,Lukman Inggrit Arinusa,2,Mantaps,5,2024-12-22 06:49:09
a163de07-2d24-470d-8bc4-47bb94c52f2c,KontroversiOrId KontrolsosialdotCom,0,Saya tambah bintang jika bisa cod,1,2024-12-22 06:41:00
1965f3f8-b242-437d-87cd-6a77c672a913,Cucukhandito Purbo,1,Sulit sekali untuk buka toko di apk ini..selalu gagal..customer care nya juga tidak membantu sama sekali..,1,2024-12-22 06:36:43
838ee893-cd26-4fa6-ab76-931875d27b20,dan t,1,"SUDAH LUNAS DI BAYAR PAKAI GOPAY, PENGIRIMAN BARANG TIDAK DATANG, UANG DI TAHAN, BARANG GAK DI KIRIM. KLAIM NYA SUSAH, ALASAN TOPED INVESTIGASI KURIR MELULU. KAPOK BELANJA ONLINE DI SINI.",1,2024-12-22 06:34:05
cdabbad7-ae13-40f1-bddc-efa2ef670964,Jumiat Azhari,2,keren mantap,5,2024-12-22 06:32:10
53cf431a-ece8-44a0-ad5b-775e5dbc3faf,Nanang Kosim,2,mantap,5,2024-12-22 06:23:32
954e6fee-90ef-4bc4-8650-14c6674f2112,Gunowo Gun,2,top,5,2024-12-22 06:13:21
12da3a90-33c7-4263-a8ea-0497d7463970,Enung Enung,2,toko pedia serba ada jangan ragu unduh aplikasi ini,5,2024-12-22 06:05:37
6eebdd5f-0f3c-4361-bce0-a35c251c5654,kocheng,1,Tokopedia pengiriman lama,1,2024-12-22 05:55:39
e12493ea-c8e3-4fb1-b4f4-5ddc826a6646,Sri Wahyuni,2,sangat Bagus,5,2024-12-22 05:35:55
f570c728-ae7b-4072-ac02-22e4c215088e,Siswati 01,1,Gimmick Voucher Diskon 80% (Order ke 4) nyatanya untuk produk tertentu saja...,1,2024-12-22 05:31:36
5b1c43d5-967b-496e-b532-9b86a7e0e09f,ILHAM al junaed,2,Tokopedia memberikan kemudahan dalam bertransaksi,5,2024-12-22 05:29:02
f71e2c0d-aeda-4de3-9acf-a6a50f192789,Ferdian Paleka,1,Tolong bayar cicilan bisa 50 ribu biar dicicilnya ringan kalau minimal cicil 100 terasa berat,5,2024-12-22 04:32:36
680010dc-5f4d-4b05-a765-4423e3f587d6,Faisal Hidayat,2,terbaik emang tokopedia,4,2024-12-22 03:43:59
d4cc954a-ee43-46d0-af44-3cd76100f753,King OF Nob,2,baik,5,2024-12-22 02:45:07
fc89afb6-bc82-4a3b-ae97-2962ee5889c2,Indra Ramadhan,2,mantab,5,2024-12-22 02:42:56
fa77a73f-ac98-4078-a380-c6bdcddbfe14,Fernando,1,"ok, tampilan tokopedia 8/10, tidak bagus sangat",4,2024-12-22 02:14:50
b0c9e8ea-b9ce-4dfd-b216-ab4b972563f5,johnatan napit,1,Ini tokopedia sudah kembali kejaman batu etimasi pengiriman terlalu lama..,1,2024-12-22 02:13:57
44b5c23f-a179-4df9-ad85-3371e7cbf21f,Kacsidin Bapak,2,wowww baguss bangettttt,5,2024-12-22 01:58:27
77c5f430-35cc-4090-a6f1-27194865a433,Tokim van Bravo,0,"Barang jualanya lumayan lengkap, cuman untuk bagian saat menghapus barang dari wishlist suka langsung ke atas lagi jadi agak ribet harus di scrool kebawah lagi",4,2024-12-22 01:55:52
0847d7c0-826a-4a6a-859d-b50d85eacb48,PC Bodol,1,"Klo tidak ada kepentingan mendesak mending pakai toko sebelah, ngeri² sedap kalau salah kurir Anter Aja dan JNE, error mlulu, topednya juga setelah update malah makin kemana",1,2024-12-22 01:31:10
504bf427-5df1-493b-9192-1e686e79319e,ahmad syarif,2,terbaik,5,2024-12-22 01:20:50
768a416b-9eae-4563-95d0-8eb9efcdb24e,Hananto Soebiarto,2,ok lah...dan bagus pelayanannya,5,2024-12-22 01:17:48
7701f2d0-52fa-4679-94a1-5de334523766,Maruf Manurung,1,"Bolak balik pesanan saya bermasalah tetap nggak ada pertanggung jawaban,komplin diundur undur terus dengan berbagai macam alasan,auto hapus aplikasi ini,sebelum yang lain menyesal dan pesan saya bagi yang mau transaksi disini,tunda dulu rencamu,sebelum seperti saya,auto saya hapus aplikasinya",1,2024-12-22 01:16:21
8412d70b-9940-40fb-b106-3e2a19abd6fa,Dewi PujiYanti,2,ok,5,2024-12-22 01:09:47
93727339-9500-482c-aaa2-8eb78d9acdd6,Joko Mbandangan,1,"Aplikasi belanja online paling berat dan banyak bug, dari sekian banyak aplikasi belanja",2,2024-12-22 01:00:14
919caa4f-1aad-4b83-a805-090b2c678101,A Fugida,2,bagus 👍,5,2024-12-22 00:42:18
7be5abc3-6a44-4441-b66d-1606ca8df9d2,NOFRA RYD,0,Ok,4,2024-12-22 00:37:30
a415fb80-190c-4377-8b01-47082909f71c,a as,1,"Gak jelas asli 2x pesan barang pakai voucher diskon selalu kebatal otomatis padahal disitu tertera paket sudah diterima jasa kirim, chat cs nya Allahuakbar lama poll bales nya. Tolong buat jasa kirim yang gratong dibuat bisa milih jangan si cepat doang, rugi sekali tunggu 6 hari barang nya malah batal. Sistem nya diperbaiki deh, males belanja disini",1,2024-12-22 00:23:43
093d6fe4-b97b-4349-9561-692d8fb8c830,Leonardo Gunawan,1,"Gak tahu kenapa sekarang saya tidak dapat ongkir gratis padahal baru aktifin plus 6 bln!!! Udah saya coba cek di berbagai toko yang ada logo plus, yang ngga, bahkan sampai official store masa tetap dikenain ongkir full!!! Udh saya cek juga di range harga <20rb hingga yang harga >1jt berat 1kg tetap tidak ada efeknya nih ongkir",1,2024-12-22 00:19:50
a538d09a-f3bf-41ca-91f8-579e0d4ea03e,Mandiri Nufusproperti,2,makin keren,5,2024-12-21 23:57:03
4fd72ff9-b163-4f42-a03b-0105af31a9d2,Cucu Juariah,1,Terlalu sering harus diupdate,2,2024-12-21 23:55:48
9611b7a3-db83-4c9c-b420-c476f1a6cfd2,Indra Saputra,0,mudahan toko ini Amana,5,2024-12-21 23:48:51
676c77b0-42c8-4126-9143-d68a5f621f73,Mustika Ika,2,Terpercaya,5,2024-12-21 23:45:14
30b8416e-37dd-4556-b6b7-e4ec1888573a,Rabiza Berina Nazhifa,1,"Akun sudah bertahun2 diagak melanggar kebijakan, good bye Tokopedia",1,2024-12-21 23:42:32
ebdccceb-4660-4e03-8f3b-d5f53d98b619,Budi Benyamin,2,"Online shop yang bagus, lengkap dan yang terpenting aman. Hampir semua barang ada (dari yang umum hingga sangat pribadi) menjadikan konsumen leluasa unt mencari keperluannya.",5,2024-12-21 23:17:47
2ac20283-e822-4cb1-b2f6-8bd54e3c2ddb,Trisnawati Jepara,2,jos gandos,5,2024-12-21 23:09:57
7c0d4b31-d589-40ae-b278-826e84d54c85,second try,0,No customer service,1,2024-12-21 23:04:58
3c0df090-1b5b-4198-af9a-b21d55f3e02f,Riyanto Riyanto,0,ok,5,2024-12-21 22:47:12
2d62bc4b-42d7-444a-8784-fbb31118154a,ahmdbrkt sakar,1,"Assalamu'alaikum buk /pak Toko pedia adaya mengadakan bonus Ketika mengikuti akun penjual,? Dan Mendapatkan uang 15 rbu melalui payoneer, Dan saya tanya kataya nominal 15k di dapat dari iklan/penyiaran di tokped. Dengan cara scrensot akun yang sudah kita folowing dan dilampirkan ke grup anggota kmi yang dimsukan disana di aplikasi payoneer teslrsebut, lalu mendapat uang sebesar 15 rbu satu kali mengikuti akun penjual di tokped. Ini penipuan atau memang real kerja sama pihak payoneer dantokped",1,2024-12-21 22:45:52
777b95a7-b6b4-434e-8f4c-fa255620ca29,Sam Sudin,1,Saya main gaem tiap hari tetapi dapat poin tidak bisa masuk ke dana ada masalah apa,5,2024-12-21 22:45:43
cb65747a-49f8-4f98-8e5c-7d8cc2aa443a,TBI Skills,1,kembalikan fitur produk baru dari toko yang diikuti woy,1,2024-12-21 22:44:21
f118fa48-b226-4594-946f-f1822697d59f,diyar kasyfannoor,1,Males harus update melulu,2,2024-12-21 22:40:27
70ae8683-9da9-41fb-a59e-db746b6eee6d,Muhammad Ikmal Musyaffa,2,Gila bagus sekali ni aplikasi!! Tiap hari kasih diskon!! Thank youu tokpedd! I love u!🫰✨️,5,2024-12-21 22:38:53
6b4acccc-f1c2-4d37-ab32-6ff9ba272863,Ghafarel Adira Kautsar,2,mantabb,5,2024-12-21 22:24:39
88eadbb4-3695-4e0c-a0fc-53d85d31dd34,Undu Kusbandono,2,Selama ini baik dan bagus. Saat ini kolom diskusi sdg hilang. Jadi alami kesulitan untuk beri rating dankomen dan kesan,5,2024-12-21 22:15:12
020fe308-f9bb-4988-b406-bc07203f194b,Yeni Kusuma dewi,2,bagus,5,2024-12-21 22:09:39
293e68d5-e94d-441f-92ac-2d37d40d2aae,Wawan Dermawan,1,"Tampilannya jadi aneh sekarang,semakin membingungkan😭😭",4,2024-12-21 22:08:36
944491c2-f0a3-476d-aea1-b34cbba1d451,Andi Azza,1,"Penarikan saldo lama bget,,,gak seperti applikasi lain yang satu jam tidak smpe sudah masuk ke rekening,,,gue yang butuh segera uang t jadi tertunda selama berjam2 bhkn 24 jam lbh,,,kapok dah ngisi saldo tokopedia yang byk,,,👎👎👎👎👎👎👎",1,2024-12-21 21:47:52
cf057c61-ebaf-494a-abc6-fd573ffbfb45,Herman Novendri,2,ok sekali,5,2024-12-21 21:41:37
4f90dc47-743a-4177-843f-f8a99dd630bb,Sinar Lianis,1,Pembayaran saya di batalkan oleh sistem pdahal tidak ada yang salah,1,2024-12-21 21:39:34
0e799b37-0383-4c7a-bb44-4c6419b20c38,A. Bahtiar Rahardian,2,mantap,5,2024-12-21 21:29:51
94f750d2-44fd-4272-88ed-e2e2a7a818b2,Gilang Rama,0,ok,5,2024-12-21 21:08:36
998d87d7-a166-4972-864f-bc712fdba9bc,Abah Said,2,sempurna,5,2024-12-21 21:05:46
155b3ce5-23e1-4477-8154-5aa7fd7afeb5,Salsabilla Salsa,0,ok,5,2024-12-21 20:53:30
6e8a0f37-5c0c-4694-bedb-86016a2584ab,Nizar Rafei,2,sipp mntp,5,2024-12-21 20:51:16
76dda8c1-c0f4-4c75-a5a6-0dd6083638bd,Ranum Haura Tambunan,1,"aplikasi apaan dah ini,dikit"" iklan gjls sekali berasa di teror mulu njs",1,2024-12-21 20:41:22
58234e25-310b-41f7-8369-eb9a6cf36703,Yana Powder coating,2,mantap bang,5,2024-12-21 20:39:52
f89a195f-f158-45db-891d-481548e693d3,Wiharno A. Muharram,1,"Ekspedisi buruk, penjual buruk, layanan Tokopedia buruk. Semuanya kompak buruk!",1,2024-12-21 20:36:57
6d8d05cb-0654-4fc4-8847-e5f0373821a9,arlando praja,2,Ok,5,2024-12-21 20:28:07
c7b63d4b-a1a4-4ef0-b31a-c4d9e7a98b1f,Suplanadin Asri,2,mantap,5,2024-12-21 20:12:42
936b6d76-83c8-476c-9804-0806b1f5c7de,Muhammad Fadilla,1,Banyak yang di cari pasti disuruh cek ke Web Ngapain aku download apk nya anjer lah kalau disuruh ke web juga,4,2024-12-21 20:00:59
485d5ff2-d65c-48ea-94b2-f05d1a2ac2a3,bebe tumoentoel,2,👍👍👍👍,5,2024-12-21 19:59:52
3eab4eb6-6c55-467f-840d-f047926f35e4,Indah Gabed,0,Silakan deskripsikan sendiri...,1,2024-12-21 19:59:23
2036cb8f-27bf-4ca6-964f-5192dd06a543,Hasan Basyori,1,"Dari Harga 6100 beli 3 ,58550 GX masalah?? Tapi di batalin system ,yang salah kita / System.....",1,2024-12-21 19:55:25
3512d642-7493-43d0-ae6e-5f1915d6b216,MUHAMMAD APUD MAULANA,2,good joob,5,2024-12-21 19:52:59
9ce07e42-6956-43f0-8e4e-fe4451cea4d6,Pili Suhandri,1,Menu bantuan Tokopedia care tidak bisa di akses sama sekali,1,2024-12-21 19:47:16
98dc03b1-611d-4a1e-94b5-16359c22f2b2,Kas Manto,2,promonya ok bgt....,5,2024-12-21 19:45:57
382f6225-2cb6-4349-a032-1c9d122c7456,stefindya an,1,"respon penjualnya buruk ekspedisinya juga buruk, kurir rekomendasinya juga tidak guna sama saja layanan konsumennya juga buruk sekali sama sekali tidak membantu",1,2024-12-21 19:23:38
64474001-90b2-4998-88b3-4df54687295d,Rose Mian9,1,Susah sekali hubungi cs nya. Ada kendala,2,2024-12-21 19:22:24
be3c8902-27e6-461b-a8cc-a9c605603597,Herry,2,kereeeeen brooooo mo,5,2024-12-21 19:20:58
1b295c50-69aa-45e0-acba-8612090abd4e,Sabel Mayka,1,👎🏿,1,2024-12-21 19:14:36
55cbd844-bef2-4d9c-8da7-a74270e85fae,dany darmawan,1,"Apaan belanja di batasin jadi 400pcs tiap transaksi,",1,2024-12-21 19:08:27
7d488f6f-50fd-40ec-8f70-53f92896ad8a,Alifia Nuriaisyah,1,Saya sebagai pengguna baru di tokopedia sangat kecewa emang sih di kasih bonus dapat produk2 murah karena discon nya cukup besar cuman untuk pelayanan pengirimannya sangat tidak amanah aku CO untuk pertama kalinya di tokopedia paketnya nyasar untung masih deket bisa saya ambil eh ke dua kalinya CO nyasar lagi sudah begitu jaraknya cukup jauh untung ada yang tahu rumahnya tapi setelah saya kesana ternyata tidak ada yang menerima paket saya.,2,2024-12-21 19:06:38
980acdf1-6f25-4f9f-b423-601f9b006063,Siti Lasiyah,2,Bagus,1,2024-12-21 19:03:56
92464225-c564-4cfe-9a6b-38a256858247,Alfarizky Robi,2,mantab,5,2024-12-21 19:02:34
a73617ae-f713-4c0d-9b38-44657a3cc186,Maryam Azmi Prastiyo,1,"Pengalaman saya di Tokopedia agak kurang memuaskan karena entah saya saja yang mengalami atau memang semua orang mengalami juga, jika setiap pesan sesuatu dari online store ini pengirimannnya begitu lama sekali, walaupun tidak mencapai estiminasi tapi tetap saja selama ini selalu lambat sekali, padahal kurirnya beda-beda tapi tetap lama.",4,2024-12-21 19:01:24
bc824c3e-03b1-4082-b950-3554df87e843,Aristiani Aristy,2,terimakasihhhh i like it,5,2024-12-21 18:58:02
0744b800-1a7a-4691-8911-cf4f13ecbbeb,Indah Sulistiani,2,mudah dan murah,5,2024-12-21 18:53:58
1b2cb297-43db-4a7d-a05b-0b7692870273,Mario Demar,1,"Tiap belanja pakai voucher selalu dibatalkan sistem, aneh. Lain kali kalau gamau niat ngasih voucher gausah nampilin",1,2024-12-21 18:27:56
eb540de0-0c25-4ace-9bbe-4bd435a86936,Moh Abdul Rochim,1,"Online shop ongkir termurah,tapi kwalitas pengirimannya amat sangat kurang",2,2024-12-21 18:21:38
a89c5d15-aa14-44d2-a277-fae09756c836,Ellkhuskhotimah Ellkhus,2,baik,5,2024-12-21 18:20:51
64ffe9f6-601d-4ee9-b179-1c759ad08778,KENZZO,1,Pengiriman lama,1,2024-12-21 18:14:48
d3f4ad60-5086-4d6e-9109-f6ed30702900,Ashar,2,bagus,4,2024-12-21 18:08:29
ccd3dc66-5f45-40aa-a585-193a5c972aec,Aris Qurniawan,1,"1. tidak bisa mengajukan komplain 2. pengiriman lama 3. masak toko dari Surabaya kok transit Sampek ke Ponorogo segala, sedangkan rumah saya di kabupaten Gresik. Mending uninstall saja ni apk. Enakan apk sbelah",1,2024-12-21 18:03:23
935f40d9-c647-4ed2-846b-689a86c601c5,Buya Dahak,1,Oke kalau cs /care nya cuek lagi gw bintang 1 lagi... (Orang panik minta tolong balesnya seabad),5,2024-12-21 17:49:05
2b1d74b1-95e5-4091-971b-e60cd4175ca4,wahid awan,2,"sangat membantu ,",5,2024-12-21 17:47:22
937cc69f-ee90-44cf-ad3c-688dd252ca47,Dahrip Siregar,2,mantap,5,2024-12-21 17:47:00
64c08d7a-31ad-43a6-98ca-0a32b475636d,Maya Marlina,2,terbaik,5,2024-12-21 17:44:35
9d581124-8f99-48be-9722-297c49f59a0a,dhea putri,1,Potongan admin setiap hari besar banget!,1,2024-12-21 17:37:19
61550777-095a-4a60-b5d1-e7776515aa24,Jalal udin,2,"tokopedia emang mantap sekali, pok e joss...",5,2024-12-21 17:36:44
538f6ef2-00cb-45aa-bc54-6683bfb77d48,15. Editya Putra,0,Tolong berikan pelanggan opsi untuk memilih jasa pengiriman barang. Banyak pelanggan Tokopedia merasa kesulitan karena pengiriman barang yang dilakukan selalu dipilih oleh Tokopedia sementara jasa pengiriman yang sering direkomendasikan Tokopedia justru memiliki pelayanan yang kurang baik dibeberapa daerah di Indonesia.,4,2024-12-21 17:35:20
81ab9ae1-dc0e-4dfc-9d73-9fbaa32bdd30,Kisanak,0,Tidak bisa menautkan nomor telepon alasan sudah di pakai.,2,2024-12-21 17:27:24
8d366311-d411-4101-97e0-078cb075327b,Bonar Aja,1,"Makin kesini makin tidak jelas tokopedia tolong dong jangan kerja sama sama idxpres tidak jelas lama nunggunya. Padahal barang sudah d daerah saya, kurir tidak ada konfirmasi lelet",1,2024-12-21 17:23:44
e5cf3579-b909-4c0b-a21e-9fd6933e18dc,Saridah,1,"TOKO ANEH MINIM GRATIS ONGKIR, MINIM YG BISA COD TAIK",1,2024-12-21 16:57:18
bcea85e7-4a69-44d2-84a1-9392a21b815e,Parisman parisman,0,𝑨𝒑𝒂𝒌𝒂𝒉 𝒃𝒊𝒔𝒂 𝒔𝒂𝒎𝒑𝒂𝒊 𝒅𝒊 𝒌𝒆𝒄𝒂𝒎𝒂𝒕𝒂𝒏 𝑷𝒆𝒍𝒂𝒏𝒈𝒊𝒓𝒂𝒏,5,2024-12-21 16:49:26
0fecb2a3-e1e8-4031-861b-bb936379dce0,Khoiru Rakhman,2,Maen,5,2024-12-21 16:48:22
705a35d2-fdcb-438a-94e8-5943373ea095,Natik,2,"Terimakasih banyak min, buat semua penawaran nya aku sangat menyukai nya.",5,2024-12-21 16:46:59
b0467a41-b2f3-496f-8305-ede7016a6189,sion lanaaufa,1,Terburuk,1,2024-12-21 16:38:12
749a4d5e-00cd-4233-af9e-194616d34e0d,sutri amanah,0,Fitur Diskusi kenapa di hilangkan ya?,3,2024-12-21 16:33:21
4119472e-14de-4219-a29d-4612fd08f135,Rskii Safety,2,boleh juga ini akan menjadi tokped terbaik dimasa ini dan menjadi terbaik dari yang terbaik,5,2024-12-21 16:26:14
42c06e65-9253-4994-8750-1b2a15561d10,zdan wy,0,zidane,5,2024-12-21 16:24:59
6be45454-aa49-4aa3-977c-af2719a8c726,Ly,1,"min kok bisa alamat tidak ditemukan oleh kurir,padahal alamatnya sudah jelas saya taruh tapi kurir tidak dapat menemukan alamat saya,apa saya boleh minta nomor wa kurirnya biar saya kasih alamat yang jelas?",3,2024-12-21 16:20:03
02e839dc-3514-4cae-87d8-8a1d3133666e,Arnol Sinto tiba,2,terima kasih sangat membantu,5,2024-12-21 16:16:37
f2539087-39ef-4da2-8cec-2136d45ae070,Zainal Fanani,1,Tolong buat expedisi sendiri biar cepet j&t terlalu lama,5,2024-12-21 16:05:07
2e5dae14-d79f-4bae-8c46-35f8532b1a13,Ryo Lesmana,2,"Aplikasi bagus, user friendly. Diskon banyak...",5,2024-12-21 16:04:31
d96b37b7-722a-448c-9851-afe4f7f61f60,Mujiono Mujiono,2,bagus,5,2024-12-21 15:45:02
bce23d3e-8dcc-4caa-902d-62ac51834500,Dwi Hartono,1,Pengembalian refund terlalu lama,1,2024-12-21 15:40:38
bc4a3e49-6a47-4ca6-b10a-eccc0394dd5e,SURI PERTAMI AZZAHRA,2,sangat membantu dan sangat memudahkan..,5,2024-12-21 15:39:39
d93655f9-70a8-4eca-b216-9424cd044b91,Uchay Hendro,0,"Aplikasinya mantap,kalau bisa jangan di update melulu terima-kasih.",5,2024-12-21 15:30:23
011b4552-c039-4c7e-bb78-c0c8e2869e12,Bayu Nugroho,1,berbelanja yang sangat menjengkelkan!!!!!!!!!!!,1,2024-12-21 15:28:17
36d4e3a9-7339-4918-931d-4337c695d63a,agus karisma,0,"praktis ,yg umur nya masih muda",5,2024-12-21 15:19:43
e0f35dbb-7119-41b0-a797-fd29eb0a4fb7,Hadi Nuha,2,"semoga bisa lebih banyak harga promo dan gratis ongkir dengan produk"" berkualitas semoga tetap lancar jaya dalam permudah konsumen bertransaksi olshop sukses slalu tuk Tokped",5,2024-12-21 15:17:10
c3845eda-765f-4c46-8c87-0710f9b4c262,Sandi Abah,0,Kenapa ya Tokopedia tidak sediakan Qris.,1,2024-12-21 15:02:54
ccfbc4fe-4dd4-430e-bfb3-98b52267af85,Ayu Ratihningsih Wijaya,1,parahh 👎👎👎,1,2024-12-21 15:00:42
eaf6083a-8eba-49f1-8a2e-bfab110db4c4,Alesa 123,1,"Ini gajelas bgtt dah sudah 2× pesan disini malah di batalin sama system nyaa, yang satu lgi di perjalanan tiba tiba di refund, di apk yang lain bner bner tidak seperti yang ini tidak jelas",1,2024-12-21 14:58:30
f98346f4-964d-4620-be49-21248f74e975,Nur Alim Muslim,1,Spesies kumbang,4,2024-12-21 14:57:02
eb313395-aabc-4d60-8b72-3f980a13d304,Brotherhood,1,Tokopedia makin kesini makin ngaco Banyak seller yang menjual barang tidak sesuai pesanan masih di biarkan online,1,2024-12-21 14:49:56
c9dc7c34-ef2f-4204-b809-66166a7dfaa8,Enrique Iglasias,1,Dih saya tidak bisa update dan install,2,2024-12-21 14:40:47
02dc1962-cdea-4f95-aa9c-553aba5ce01f,Haekal Alexander,1,Pesanan saya otomatis dibatalkan sistem. Dana refund belum juga dikembalikan melebihi batas waktu yang telah ditetapkan. Setelah baca baca di sini juga instagram ternyata buuuuanyak yang mengeluhkan permasalahan yang hampir sama..👎👎,1,2024-12-21 14:37:57
65513c0a-0c1c-4b6f-9b51-2dd2e6594d76,Zulfan Nugraha,1,Tolong dong saya pengguna baru pas buat pin nya tidak valid Mulu sudah ku coba berbagai pin tidak valid,1,2024-12-21 14:36:35
619000c0-7ebc-42ec-8129-b16dd0f0c2a2,Maman Ka,2,Sampai saat ini layanan Tokopedia baik. Trims.,5,2024-12-21 14:29:09
0df92a1c-16c0-4cca-b542-f2c3280fc461,tick tock,1,jelek banget. versi terbaru ini ada bug. pesan lama yang sudah di hapus ada lagi dan tidak bisa hapus pesan.,1,2024-12-21 14:09:03
ea713f0a-a725-41b5-9c22-2c12a701a209,Irvan Maulana,1,"Lho kok fitur diskusi dihilangkan? Padahal berguna lho itu fitur, tidak harus nanya berkali-kali ke penjual (yang penjualnya kadang tidak ngerti detail banget)",4,2024-12-21 13:50:25
bddd90c9-c57c-4c19-b8cc-4bd8ccef6c57,Try zeptian29,1,"Tolong untuk kurir rekomendasi, terutama JNE. Lambat minta ampun barang COD harus ambil di gerai,itu kurir makan gaji buta , suruh anter banyak alasan. Padahal jarak cuma 1 km dari gerai, Untuk kurir yang selain JNE baik dan cepat. Tolong blaclist jne dari Tokopedia",3,2024-12-21 13:50:01
c405b0f8-166f-4a97-8b40-a58bc2794c33,Dahlia Rida09,2,bagus,5,2024-12-21 13:44:33
37307f62-be4a-4d93-98ea-7a3ffdc7dd8d,Andri S Arwanda,2,"sangat membantu, tolong semakin memfilterisasi penjual / tokonya agar kami semakin merasa aman dan percaya untuk berbelanja di tokopedia ini. thank you",5,2024-12-21 13:35:53
40fd42be-328a-40d9-a3ac-60f25cce19dc,Muhamad Sahlan,0,Ok,5,2024-12-21 13:27:33
58706c78-9138-4b3d-8c32-d64840d9b5cf,Amirul Mukminin,2,good,5,2024-12-21 13:27:32
e136cf90-9135-4ab1-8485-2d9930873a3b,Hasan Basyori,1,Pesanan pertama ( dibatalkan system) kira2? Kenapa. Kirain lebih baik dari yang lain. Apa karena pkai 2 HP.,1,2024-12-21 13:26:33
c1e6be02-1c13-4ce9-97a3-57d59adca9a4,arrasyid hakim,2,"Cukup membantu dalam pmbelian kebutuhan pokok atau yang lainnya, smoga baik adanya aplikasi ini tuk bnyak orang",4,2024-12-21 13:26:14
b8be8f17-b67e-4f07-aec8-1a6245fc4add,Dwi Sumarsih,2,mantap discon,5,2024-12-21 13:16:07
ead6de85-3a0a-4b88-b364-93b07ceb9107,Aldy Brawl Stars,1,Banyak bug sistemnya kurang optimal untuk tokopedia,3,2024-12-21 13:13:47
41431351-b30e-41b7-875e-75a00f7b5521,ridha gunawan,1,"Utk tokopedia kenapa saat komplain pesanan barang sulit untuk di tukar kembali, Seharusnya di permudah. Di tempat lain sangat mudah tinggal klik di systemnya pesanan dapat di tukar atau dana di kembalikan. Saya alami itu harus buat resi penukaran barang harus saya sendiri yang urus . Ahirnya tidak saya urus itu barang saya pesan tidak terpakai",5,2024-12-21 13:10:46
838e53b5-7b7f-42df-aa21-29331258b57d,Mughni Gustiana,2,MANTAP EMANG APK TERBAIK,5,2024-12-21 13:03:28
d87109f4-782c-40d9-a936-286431da78fa,nadzir achmad,2,"Tempat belanja yang penuh dengan kepuasan pelanggan, semoga terus meningkat pelayanannya, terima kasih",5,2024-12-21 12:47:22
5e63f290-4090-4da8-a2e5-1d3cc33b7961,setian hadi,2,"Alhamdulillah sangat membantu dan pengiriman cepat ditambah lagi diskon dan gratis ongkirnya ,,Tks",5,2024-12-21 12:43:17
60afd1d3-aa89-4a75-ad58-3f0b5be05636,Duve Surya,1,sangat tidak puas belanja disini,1,2024-12-21 12:40:19
6cffb263-bf09-49bc-bbdf-8822ae24fb16,Made in Zain Channel,1,Makin kesini makin kesana,4,2024-12-21 12:39:27
22810efb-f855-4580-9a44-b7da866950a6,David B.C,2,"Aplikasi Jual-Beli paling The Best,Kupon Diskonnya yang banyak ya 🙏😁",5,2024-12-21 12:17:15
7b365b04-7181-48ae-8519-1e150d7fef72,Sandy Saputra,2,Good application,5,2024-12-21 12:10:47
4ec77662-f18d-4505-b186-737d5ef2ebf2,Rahmat Berharap,2,Aman murah eh pokok nya puas banget...........,5,2024-12-21 12:03:23
74e1f98f-8dc3-43ca-b8f7-6c78a315ecc0,Samsung J2 Core,1,"Tolong di perbaiki, kenapa tidak bisa hapus pesan sih, sampai numpuk pesan saya tidak bisa di hapus !!!",1,2024-12-21 12:02:56
23808896-443d-42fb-8b91-33283411237d,Husnatul Silvia—19,1,Tokopedia care nya sangat lambat dan tidak memberikan solusi,1,2024-12-21 11:58:10
7c9fcbd9-b606-4a06-b5e2-673b27a07829,Eka Cahya Ningrum,1,"Pengalaman yang tidak menyenangkan beli barang yang dikirim barang sudah kadarluarsa, di komplain banyakan cingcong Kurir jga ngawur barang di alamat A , pickup nya di alamat Z ya jelas tidak ketemu gmna urusan nya.. kapok pke aplikasi ini dah yang punya toko tidak ada solusi. Haduhhhhhh",1,2024-12-21 11:44:51
69f79e21-a748-4c4c-a03d-e02de0feaf15,Dimas Purwanto,1,"kasih bintang satu, 2 transaksi kurir tidak jelas semua. Cek lagi donk vendor ekspedisinya",1,2024-12-21 11:40:52
9a65aba2-82e1-49c6-ae76-6a2dc6c6ca67,Ananda Putri,1,"pesanan saya dibatalkan otomatis oleh pihak tokopedia. dana refund tidak juga dikembalikan, melebihi batas yang dijanjikan. dan ternyata sudah banyak korbannya dengan berbagai permasalahan nya. gausah beli di sini lagiii guyss, mending beli di toko oren 😒😏",1,2024-12-21 11:39:30
c8e449d7-bd17-45e3-a1de-ee6f9e697a58,Agus khahfi,2,mantap coy,5,2024-12-21 11:29:41
282268ab-1718-4536-94ac-38fb74c5c7f0,RNS FAM,2,bermanfaat,5,2024-12-21 11:25:05
cd5c7465-86be-4425-99c4-ee3dfb747ca3,Infi nix,1,"hati-hati belanja di tokped.. sekarang sistemnya nggak jelas, sudah bayar via qris tapi riwayat pembelian tidak ada, aneh banget, beli nggak refund juga nggak.. mending belanja di e-commerce yang lain deh",1,2024-12-21 11:24:22
9532e297-392f-4512-a9d5-945f2abd2c04,Heri Anto,1,kusus Kalimantan Utara update Tokopedia nya gratis ongkir tidak keluar wakwak,1,2024-12-21 11:18:32
ae7f3f1a-8cfd-43a4-a466-ae9301ca3ebf,Sylvia JeyClover,2,sangat keren,5,2024-12-21 10:49:50
318f0cb4-439c-4e64-8f97-9e69faf675d6,Muhrudi Yanto,1,"Aplikasi paling goblogg, gua saranin jngan beli tokped lebih baik di sebelah saja tidak beres disini!!!!",1,2024-12-21 10:42:40
751581df-d856-4b3b-8102-c92f82a07cef,Waluyo 11,2,bagus baik,5,2024-12-21 10:38:59
5b75d907-0652-422f-9c55-7e4fa3d4fe81,wibi9424,1,"kapan stok minecraft gift java dan bedrock di stok ulang, dan tolong harganya dikondisikan karena mahal dikit tidak jadi beli, stok nya dari dulu habis terus.",5,2024-12-21 10:31:34
a302b0ed-a761-4490-b865-ee09fd3eda5f,Anisa Nzwa,1,"maksa sekali harus update, heran. padahal mau pantau pesanan sudah sampai mana tapi malah gabisa karena harus sekali sekali update",3,2024-12-21 10:09:43
78974c52-b493-4dce-8dee-eeb41d35514a,Safirah Nur amani,1,Penyelesaian masalah jelek sekali,1,2024-12-21 10:01:03
7b562378-7b61-44ee-9dcf-7440041bb70a,Erni Supriati,2,seneng bngett,5,2024-12-21 10:00:37
4c142806-3fa7-4764-a178-245b375a639e,Rico Efriyandi,1,Habis update apk kok tidak bisa cek out min ? Udh 2 hari dcba tidak bisa juga cekout barang Cba pembayaran lewat yang lain jga sama saja,2,2024-12-21 09:58:10
c685c2b4-63e0-4184-b749-7fa7a27b11b3,bie' 08,1,"Untuk apa kasih/ngadain voucher ongkir dan potongan harga barang, kalau ujung ujung nya di batalkan sistem!!!!!!🙌🙌🙌🙌🙌",1,2024-12-21 09:37:01
5bc4eea5-f517-4900-bbbd-7a741fd0a094,Nining Kuraesin,2,Nice,5,2024-12-21 09:36:49
a7ff1bcc-d570-4e11-acb7-4b4a9f036e18,diyaudin sumber,1,Belanja di batalkan sistem mulu. pantas saja pada milih shopee,1,2024-12-21 09:30:52
03e9115e-f037-4df7-90cc-faf1259a703e,Nasrul,2,good,5,2024-12-21 09:29:43
2c731870-242e-44a7-8fa4-ed210b94bed9,Albert Waruwu,1,Toko dan tim ekspedisinya.. Sudah mulai tidak jelas. Pengiriman paket lebih dari 7 hari tidak sampai..!! KECEWA..!,1,2024-12-21 09:20:41
6c8b9069-b861-4991-b901-6eb8c8ed7415,Nuratika Sari,2,belanja ditokopedia hemat ongkir dan bnyak diskon nya,5,2024-12-21 09:06:58
da9ba144-2854-48a8-b973-16a44dc5f103,Lampung say,2,sungguh sangat membantu dan aplikasi ini sangat bagus untuk kita gunakan,5,2024-12-21 09:01:40
0096a025-9f45-4465-9a82-8793874a53b3,Nova Pristiwanti,1,"Ga jelas sekali tiba"" dibatalkan sistem",1,2024-12-21 08:58:50
c736ff3f-c8a5-4976-89f7-b8f56ea6d68a,Hari Yanto,2,sangat membantu,5,2024-12-21 08:46:11
aa67a305-4621-42a5-a28d-ff727fd7ca77,Fathan Syahidna,1,"Terlalu sering memberi notifikasi, status pengiriman sangat lama untuk terupdate nya, waktu itu saya pesan tanggal segini nyampe nya baru 1 minggu kemudian padahal estimasi pengiriman hanya 3 hari saja",4,2024-12-21 08:43:30
d2128b73-ef4d-4beb-b164-bb549685022e,myis satya,1,gabisa checkout.,1,2024-12-21 08:33:52
f2b33e1f-7b61-4524-a757-1fafaab331b4,Yasin Yasinbachtiar,2,good,5,2024-12-21 08:31:03
f255c00a-8135-46aa-9464-bbb35be32f7f,Eni Susanti,2,all good,5,2024-12-21 08:23:08
f21555ab-25c2-4ab2-be4d-4d5f26fe063d,YT SUKASLAMET,2,"Market place Tokopedia emang paling mantap, banyak diskon potongan harga, tidak pelit seperti shopee, malah ada biaya penanganan 2.000 rupiah, ditambah pengiriman lama banget, sumpah buat kesel banget. Tokopedia tolong jangan seperti dia, dia mirip kapitalis.",5,2024-12-21 08:23:06
fc264964-0549-447e-b0cd-1465bf480357,Sandy Kurnia,2,mantull pokonya nuhun,5,2024-12-21 08:20:40
5ad1c4eb-38c6-4ccd-a809-e9ce3a293e57,Ananda Haikel,1,"Kecewa karena dapat kurir yang lama bhkan sampai seminggu lebih paketnya tidak jelas ada dimana, tolong lebih seleksi lagi dalam memilih ekspedisi",1,2024-12-21 08:19:01
43502c30-d77e-4367-a0f7-d74eff5f1866,Siti robiah Adawiah,2,keren sukses terus tokopedia 😍,5,2024-12-21 08:17:54
0346acc3-63c9-429f-b5d3-92ff500cedcf,soleh ppdt,2,"mantap market place dari tokopedia banyak diskon, belanja jadi mudah, nggak seperti shopee pelit diskon, biaya penanganan jadi 2rb, tokopedia jangan seperti seperti shopee ya, model kapitalis dia.",5,2024-12-21 08:14:45
3c9b89a6-8f08-439e-9abd-c18d5cade157,iay apriyana,2,cepat dan hemat,5,2024-12-21 08:08:19
1d001d69-5806-4a25-bcb6-99be3f32c028,Fahri Ega,2,keren,5,2024-12-21 08:03:48
35bc6526-5e2c-474a-a4d0-531290d3c43c,tello gorenk,1,"kurir rekomendasi bebas ongkir lelet,",3,2024-12-21 07:52:16
d06dd2b2-6702-433c-aef5-b6103b8f451e,Nana Sujana,2,Ok sekali,4,2024-12-21 07:32:13
a0c520d9-d275-4226-86b4-427691c36582,Rifki Arifiyanto,2,ok rekomendet,4,2024-12-21 07:22:06
df2051a8-5ef4-496f-9f3c-acf45563e20e,Deverindo Yala Putra,1,"Pengembalian dana klaim asuransi lama bangettt, kecewaa sama tokpedd, pembeli merasa dirugikan",1,2024-12-21 06:58:47
9c27dd09-2621-4bfd-9740-533c8a1e4f05,imas kusnawati22,1,Gaje ah banyak promo yang dibatalkan otomatis,3,2024-12-21 06:55:39
78b11262-1e0d-452b-a7da-c505fc09792a,AR Elektronik,1,"Kapok aku belanja disini, pengiriman rekomandasi dari topet seharusnya lebih baik,tapi kenyataanya saling oper sana sini ahirnya barang hilang entah kemana",1,2024-12-21 06:44:36
9c0429a3-f43d-4897-ba16-d5e5756f8cdb,GAMER Idiot!,1,"Tiktok pay later tidak bisa di pakai , klik icon tidak bisa",4,2024-12-21 06:23:27
8c3ba97a-bc8e-4283-a2b7-30622252ad35,Said Sultan,1,"mencari chat sebelumnya sekarang tidak bisa diweb maupun hp, tolong dkembalikan sperti dulu kembalikan lah hdehhh",1,2024-12-21 06:14:25
bf0dd456-96a2-46c2-a2bc-8ecc24a5d324,AKUN PRAKTIK TIK KELAS 11,1,Penananganan lambat.. barang saya ada yang tertahan di kurir.. tapi untuk bisa komplain menunggu estimasi selesai.. belum lagi pemrosesan dari komplain 5 hari.. paket saya sudah mangkrak di tempat transit kurir yang sama sejak hari pertama.. kenapa tidak bisa langsung ditindak lanjuti,1,2024-12-21 06:11:17
b03e9b06-e18a-4cec-9278-2d78a5a8ea8c,noor kosasih,1,"Beberapa kali belanja suka di batalkan sistem,,bikin kesel,sdh tunggu lma ternyata gagal..",4,2024-12-21 06:07:16
019a4a06-0e8d-4042-80d4-bd44068d8b95,Dong Dong,2,suka bayak promonya ☺️☺️☺️,4,2024-12-21 05:57:00
c4ee8a2a-9d77-444e-bd85-406e75af63e1,Didin Aminudin,1,tidak gratis ongkir tidak mau belanja mehong di ongkir 😭😭😭,1,2024-12-21 05:39:21
64a6c90f-da3b-4afe-9dfd-2fdf2814a46f,Fitria Ningsih,2,Semoga sllu puas belanja apa pun di aplikasi toko pedia,5,2024-12-21 05:30:07
6f015752-1477-4cb2-a829-263806272db4,Khoiru Mardhiyah,2,mantab bisa belanja murah terus,5,2024-12-21 05:26:01
823d6932-0738-49e7-971c-d3c31d527fdc,IFZY CHANNEL,2,Bagus,5,2024-12-21 05:05:14
6433ed7d-3c72-4680-a723-0a01c123ab6e,Devi Melinda,1,"tidak lagi lagi deh pakai tokopedia. sangat sangat dipersulit mau return barang padahal ada buktinya. di buat mutermuter terus tidak jelas kelanjutannya gimana. trs ini barang yang rusak bener2 tidak bisa di pakai harus diapakan? toh sudah tidak berguna, bener bener sangat merugikan dan tidak bertanggung jawab!!",1,2024-12-21 03:28:00
b3f3c2eb-1ff9-45cf-a08b-6d74f61b56e0,gowes asik,1,respon cs nya lelet,1,2024-12-21 03:21:25
6cc60401-d12d-488c-92a9-fd73cd926941,Kepiting Handsome,2,sangat puas belanja Online disini saya berikan full bintang semoga ada voucer belanja free dan semoga selalu diberikan potongan harga belanja menjadi murah biar selalu belanja di Tokopedia 👍🏻🤓,5,2024-12-21 03:00:37
b4bb20bd-9366-4579-a032-0ab389ed390e,Ukat Sukatma,2,Sangat bagus,5,2024-12-21 02:36:00
90f799bf-ef9a-422e-b02c-65894d80fd67,Novie Widie,2,fast,5,2024-12-21 02:32:21
c1818dae-cb57-4c6c-91bd-6965d2f43827,Vicky Six,2,Mending lah tokoed dari pada toko oyen ngeri biyaya penanganan dan admin nya . Penjual kena pembeli juga kena 🤣🤣,5,2024-12-21 02:02:21
0ae676e7-6fd2-4a9b-93bb-495d750d16c6,agus prasetyo,1,"Estimasi tibanya nanggung kalau cuma 1mgg min, buat yang lama sekalian 1 bulan begitu biar mantapp, 3 hari saja beresiko dijalan, apalagi 1 minggu,,, mending 1 bulan jadi biar tidak harap harap cemas tunggu kedatanganya",1,2024-12-21 01:41:19
9d651d88-479f-4b22-9771-4656d2f52fd7,Gigon Gon,2,mantap 👌,5,2024-12-21 00:50:35
45aa74d4-4975-4cf7-b987-e94ae004a60e,Heris Chanel,1,"Ngerubah alamat toko susahnya setengah mati dan tidak bisa2,tuh toko orange semua gampang bgt.",1,2024-12-21 00:48:44
ec4b54e9-6441-4190-8338-01e7c8c05a65,Irfanvio Januarta,2,bagus sekali,5,2024-12-21 00:30:14
a8594548-19dc-437d-b156-0141cd7ac827,Cet Cak,1,"Sudah tidak menarik ini aplikasi tidak ada voucher diskon sama sekali, kalaupun ada kecil 10% tapi ada minimal nila belanja yang tidak masuk akal sangat tinggi. Dan satu lagi war voucher di event tertentu tidak bisa di klaim intinya war voucher cuma tipu tipu. Mulai sekarang saya putuskan tidak lagi belanja di aplikasi ini",1,2024-12-21 00:21:57
ca1a4c6f-7035-4da0-83eb-d0c7c92df6e8,Fitri Nugraheni,1,"ADUH KECEWA BANGET SAMA SELLER DI TOKPED...BARANG UDAH DI BAYAR TAPI GA DI KIRIM. DAN HARUS NUNGGU KONFIRMASI PENJUAL KURANG LEBIH 3HARI,HARUSNYA PRIORITAS KARNA DAH DI BAYAR. SELLER UDAH DI CHAT TP TIDAK MERESPON JUGA,SAYANG BANGET GA ADA FITUR BUAT NGLAPORIN SELLER MODEL BEGITU. BUANG² WAKTU,SORY GUE UNINSTAL,SELLER NYA GA BISA DI PERCAYA. GUE BELANJA DI 2 TOKO YANG BEDA,UDAH BAYAR SEMUA DAN DI BATALIN SEMUA.",2,2024-12-21 00:08:19
8c015659-dc80-4d6d-b787-1d7395105508,Latif Abdilah,1,"Admiin, tolong bilangin tim nya... Setelah update kok malah fitur search pesan tidak ada, masa mau nyari pesan harus bukain satu demi satu.... Pie to ikiiihhh...",1,2024-12-20 23:53:15
fe707f49-0297-4bfc-be68-f12b82388e1a,Guruh ramdani,1,Setelah jadi member platinum Tidak ada voucher apaapun yang tersedia .. Jadi malas langganan PLUS juga . Harga up dari setiap produk terlalu mahal Parahhh Voucher tidak pernah di kasih,1,2024-12-20 23:50:36
b9a562d1-7f4e-4c5b-ba2c-7edef0c5bc26,Ellena Latifah,1,banyak seller yang menunda pengiriman apalagi kalau dapat diskon besar'an banyak yang dibiarkan agar dibatalkan sistem KALAU TIDAK NIAT KASIH DISKON YA JANGAN PAKAI DISKON kupon kepakai sia' cuma karena seller HK bertanggung jawab,1,2024-12-20 23:48:03
3eb32d55-f9c8-4fb9-914b-7f37d9653630,Putih,1,Bintang 2 yang bicara,2,2024-12-20 23:46:26
e9de1b32-a76e-438e-b13f-ec23c700b3d9,arin,1,"aneh bgt, pas pesenannya uda di confirm malah tbtb ke cansel katanya karena sistem gatau salahnya dmn akun aku juga akun baru yang bener bener baru daftar, (first time dw tokped) dapat email kalau ada kecurangan, tf? tidak ngerti lagi deh",1,2024-12-20 23:25:30
dc74b4ce-0f42-4ae8-aa01-b30c2011b61e,nazaret yt,1,Aplikasi aneh cod ny tidak bisa bisa,1,2024-12-20 23:03:38
d84ff3cb-baed-4e09-845b-67e3bacc4196,dardiri ardi,1,Gopylater nya parah lewat 3 hari tunggakan dendanya besar sekali terpaksa saya uninstall,1,2024-12-20 22:43:22
3b3aecd8-0161-4fc7-a3ca-d0dddfcc4e58,Kopi Hitam,2,sangat bagus,5,2024-12-20 22:31:04
cf8c6a1e-c887-4d61-9bad-e82c924b45c6,Gonel,1,"Engga lagi lagi pakai tokped malah belain penipu,jelas2 pembeli tidak tahu apa soal barang yang di retur hilang,kecewa",1,2024-12-20 22:28:01
3ddc25b1-8500-4788-aee9-cc51145ac5be,samsul Bachri,2,ngalahin shoppeee,5,2024-12-20 22:19:04
471c3bd8-5a01-4551-9b4e-7232f9079ce4,Delly Partanto,2,"""MªªññŤªªPP !!! """,5,2024-12-20 22:16:43
ccde4fc6-dedb-4943-82e4-aad39b83309c,Nuril Haqiqi,1,Kenapa video di feed sangat berat di putar padahal koneksi internet bagus,3,2024-12-20 22:11:27
0869328f-e945-46d5-b170-b55facb11c0b,Aprilia aprilia84,2,sangat recomended,5,2024-12-20 22:00:09
b03d4fe8-a807-45e4-8c85-aacdd81248f5,Rawk Sounds,1,"Tolong perbaiki bug nya.. tidak bisa checkout, ngeblank di pilihan pembayaran. Koneksi internet bagus dan sudah install ulang tetap tidak bisa (asus zenfone 2 android 6.0)",2,2024-12-20 21:50:09
9c87ec65-6dae-4d25-94d9-e4b6fd4123bf,Luki Situros,2,aplikasi online shop the best 👍👍👍👍👍,5,2024-12-20 21:49:08
bedfb327-b07e-4d29-945a-14e6b98453ab,Ridho Angler JP,2,"Apliaksi ini sngat membantu kami sbgai pedagang kecil, tolong aplikasinya di perbaharui lagi supaya bisa jual ginjal. Mata. Jantung dan organ lainnya.. Trus Pajaknya jangan 13%,, klw bsa dibesarkan lagi smpai 70% biar makin menyala abgku..🔥🔥🔥🔥",5,2024-12-20 21:34:07
ff9070f5-1460-4ca2-b6eb-3cb19088247d,Rizki Ramdani,1,Mana katanya diskon 40 ribu buat pengguna baru ? Ini saya pakai hp baru + Gmail baru + nomber hp baru !! Baru pertama kali download Tokopedia tapi tidak dapat diskon nya !!,1,2024-12-20 21:31:23
e1aa8f2b-c218-4690-9412-7c87b35ef372,Serba ada,1,buka bantuan lama sekali loadingnya.. lama2 tambah berat aja😭😭,3,2024-12-20 21:10:46
5d75356e-7256-480b-8be9-6f638d54a561,Rii - kun,1,mau retur barang dipersulit. kecewa,1,2024-12-20 21:03:58
51ba3da0-6286-4d6e-880e-64e9e146b066,Ahmad turmudzi Turmudzi,2,semoga amanah penjualan nya Amiin .,5,2024-12-20 20:53:31
8b3bc20d-18a8-4ab1-b14a-85ceddd64062,Raden Lombok,1,Kecewa berat sudah tunggu barang nya sampai eh malah di batalkan oleh sistem,1,2024-12-20 20:45:31
56279a36-8973-47ca-af31-d2d179be6668,ARI ANTO EFENDI,2,Baru coba .. mudah mudahan ok 😊,5,2024-12-20 20:17:26
b897a16b-b4ec-477a-85a6-fbebfbdf462a,Niko kovack,1,Ini kenapa habis Update Tokopedia . Malah data kosong . Coba masuk berkali kali tetap tidak mau padahal No hp masih aktif . Gagal terus masuk akun . Saldo masin banyak gimana mau belanja .,1,2024-12-20 20:17:13
95d81e87-e995-46af-b155-939e2ee8959b,zemmil ainun,2,bagus buaaaaaangeeet,5,2024-12-20 20:16:33
14bf7e6d-0c5f-43ff-b69e-9b1329243c03,Bhocor Pea78,1,"Tidak pernah telat bayar payleter , dan sering bayar lunas lebih awal eh skrang tenor paylaternya cuma di kasi 6 bulan, sebelumnya dapat tenor 12 bulan...!!!!",1,2024-12-20 20:16:07
6b0f85b7-fbcd-4783-aa4d-a7a6aa11eb78,Rohet Baedowi,1,Aplikasi nipu ini. Saya baru di undang tmn kata nya dapat kupon. Mana? Zonk!!!,1,2024-12-20 20:07:44
61b539c5-eaae-4b30-8ee7-97f04c28998e,Firman Hafidz Anshory,1,"Mending tidak usah ada promo saja min, saya mau beli barang susah amat.",1,2024-12-20 20:06:26
6afd77bc-519c-4a5c-95f9-63a546d674a3,Iman Puji,2,Good aplikasi,5,2024-12-20 20:04:59
2920d082-392e-483d-9fa8-d78a9bf0c2ed,Tunggal Abadi,1,Setelah diupdate malah suruh update lagi dan lagi,5,2024-12-20 20:03:21
0e92a5f7-a0ec-4105-938e-fe7450fd3e2b,Xina salena,1,"Bila memungkinkan, saat memilih rekomendasi pengiriman, harap perhatikan lokasi kota untuk melihat apakah ada layanan pengiriman di sana atau tidak. Jangan mengirimkannya ke ekspedisi yang tidak tersedia di kota tersebut. karena memperlambat pengiriman dan mengurangi kenyamanan bertransaksi di marketplace ini.",5,2024-12-20 19:58:33
a405c66c-8cc3-43ad-a3d9-6ac817994d53,Xizi Nurohman,2,terima kasih banyak atas promonya 🙏😁 (meskipun jarang dapet) 😆,5,2024-12-20 19:52:50
93046b39-11e6-4011-ba8b-f15677e4c518,Tam Fardan,1,aplikasi scam gaada gratis ongkir,1,2024-12-20 19:44:48
39297edd-97cd-47b0-8496-e1d9aa60a24f,Doni Kambu,2,top,5,2024-12-20 19:44:13
c8e4f2c8-37d6-44df-8359-5ae1804e6673,Ambar Khaerunnisa,1,"pliss tolong diurus pesanan"" nya, kok bisa saya pesan 5 paket,gagal semua?,alasannya ditolak pelanggan padhal kurir saja tidak dtg,diluar jam kerja,pas dichat kurir nya katanya lgi skit 4 hari,kalo emg kurir nya tidak niat kerja yaudh gausah jadi kurir saja",1,2024-12-20 19:42:22
fc42aa91-024e-4c9c-b458-bbd730052bd3,ilfi diana (Ilfi Nurdiana),1,"JELEEEK BANGET, PENGIRIMAN PAKAI KURIR REKOMENDASI MALAH GA SAMPAI BARANGNYA. DI KOMPLAIN MBULET AE",1,2024-12-20 19:41:16
50bea592-941c-41d6-92e4-8f50426e706d,Yoga Dwi Cahyadi,1,"update 20 des 2024 aplikasi tolol tokopedia pesanan dibatalkan system berkali kali tapi biaya admin terpotong, saat hubungi cs tidak ada tanggapan. mending pakai shopee gua cok dibatalkan system refund 100% tanpa potongan",1,2024-12-20 19:36:06
ed4ace31-dccd-40ee-8823-732dbdbd7dcb,M faris eko saputra,1,Dulunya terbaik sekarang kecewa sama proses refund yang ribet. Udah tahu tokonya tidak respon2 di ajuin pembatalan tidak di acc acc,1,2024-12-20 19:34:31
a9e4dbb2-f0b6-4553-ab2a-84d6bbaacebe,Balqist Novita,2,Mantapp promonya,5,2024-12-20 19:34:05
d1313783-92f8-4daf-b69e-f35e5ce8594b,rahmat ku,1,"Tokopedia kalah sama shopee yang sudah bisa 3 akun penjualan dalam 1 perangkat,,tokopedia masih ribet soal akun 👎",1,2024-12-20 19:22:13
06d23f96-77b5-49d0-b3d1-3ce343034694,Prayit,2,keren,5,2024-12-20 19:17:16
1c6adde8-0173-4274-ac0c-42b41971cf59,Dudung Purnama,1,Menu feeds nya jadi hilang,1,2024-12-20 19:16:21
94d472ad-0a35-4f34-8295-b145c84cfee8,Ningsih Ningsi,1,"Untuk Tokopedia tolong koreksi lagi untuk pengiriman, sudah mengajukan komplain untuk pesanan yang melewati tanggal penerimaan barang, namun pihak Tokopedia memberi pemberitahuan bahwa pesanan telah di terima,padahal pembeli belum menerima, tidak ada tanggung jawabnya,",3,2024-12-20 19:10:45
59bcae26-58da-4c98-a8a7-31d527d078e5,Syafiq Bahir,1,Ini gimana barang saya sudah nge stalk dijakarta mulu tidak sampai sampai dari tanggal 11 loh sampai sekarang mana admin toko nya tidak mau tanggungjawab lagi sama harus bayar tiap bulan lagi karena pakai gopay leter,3,2024-12-20 19:08:58
cc1e594a-f958-4134-9506-c8f9bbc216f3,Deswira Satria,1,"Tokopedia sekarang sudah jauh tertinggal dari toko sebelah, belanja ditokopedia kebanyakan tidak bisa COD dan ongkirnya mengerikan 👎👎, disebelah bukan cuma COD, tapi COD - Cek Dulu (keren), dan ongkirnya juga murah meriah, goodby tokped.",2,2024-12-20 19:02:28
6a40a2d5-b0ec-41ef-bbb9-3c0989a605fe,Zero Ku89,1,"Kesal pas pesan via cod . Padahal di invoice sudah termasuk biaya aplikasi, dan segala macem . Namun pas sampai di tempat . Selalu naik 1000 .",1,2024-12-20 19:01:53
026b123c-df49-4e7d-ba53-8528869bb2cd,Supritno Supritno,0,Oke,4,2024-12-20 18:48:24
bfbf507f-ecc3-4d9c-8426-5a9204c4d28e,Nyoman Murdata,2,mudah cara bayarnya..,5,2024-12-20 18:46:10
eafa34da-deaa-4b61-838f-caa8168863b2,Didik Misiady,2,proses cepat,5,2024-12-20 18:42:34
77c271e8-f32b-4627-82c3-93794f42d1c4,santika s,1,"Pengiriman dari jne lumayan bisa bergerak ,kesininya dilempar ke idexpress.. buseeett molor, dari jakarta ke cikampek 4hari , yaaaa ampun lama beut sudah seperti antar negara tambah 3hari jadi 1 minggu ,.. set🙄",2,2024-12-20 18:36:18
89e377de-72e8-40db-ba68-a2b410b0ddf9,putra yn,1,Kapok belanja disini Brg sudah dibayar tapi tidak datang Ajukan komplin cuma di bales itu2 saja Cukup 1x saja belanja disini Terimakasih🙏,1,2024-12-20 18:33:31
65cb8d97-5a35-4b1c-8a96-f589d84973d8,Virangel Cleanup,0,Baguslah tapi 'B' saja,5,2024-12-20 18:33:22
9b7d221b-e963-4f78-baa1-e2139ea8b83e,adhy 85,1,Sering error,1,2024-12-20 18:23:47
dc69c552-128c-410c-88c1-48e22a2a1141,Engkus Tia,2,pokonya the best buat toko pedia,5,2024-12-20 18:10:15
e38ba5da-70f7-4d4a-847a-bd37322ad52c,Tutut Kitamala,2,saya sangat suka belanja di tokopedia,5,2024-12-20 18:03:32
7adac639-7b3d-436e-9a95-5436be7c81c0,eddy putra,2,mantap,5,2024-12-20 18:02:53
3089a3e2-8827-4019-a715-152bb87af959,USS R,2,"Aplikasinya bagus dan promo diskon barangnya sangat membantu, semoga kinerja aplikasinya lebih baik lagi, dan ketika update tidak mengalami berbagai Bug.",5,2024-12-20 17:58:14
9390b228-ee24-4b36-b063-55b5207f09e1,Abidin Chandra,1,"Uda sering dan rutin belanja lewat aplikasi ini..tapi kali ini bener2 dibuat kecewa,order sudah dari jam 11siang sampai malem pun tidak ada dapat driver,mending paket instant dihapus saja dari sistem min..",1,2024-12-20 17:58:13
d1741fd4-617e-4792-8684-e171be36867a,Bangali G,2,Good,5,2024-12-20 17:53:37
02a9a97c-cb0c-4628-a6d2-bcbc1b9017e1,Por De reygal,1,Setiap pengiriman pakai jne ..barang sering hilang,2,2024-12-20 17:50:29
1430513f-2b78-402f-9d36-158be9efdcdc,Orang Pokoknya,1,"Aplikasi yang tidak jelas banget,udah dapat diskon murah sudah di co malah dibatalkan sistem ""tidak memenuhi syarat"".Pernah juga beli barang dapat harga murah barangnya belum nyampe rumah tapi ditulisannya sudah diterima pas dikomplain malah didiemin doang.Kurirnya ini aneh ,tolong diperbaiki ya tokopedia",1,2024-12-20 17:41:01
83542d95-e1e4-4a8f-923a-581f40b44c23,Pmd Cell,1,"Awalnya enak pakai topet ..semenjak GK bisa menggunakan paylater lagi ..saya sangat kecewa ...GK ada solusinya ,nyurunya hub custamer tapi nihil buang waktu GK ada hasilnya ..sekarang coba berali ke shoppe saja semoga nyaman..drpd disini Di PHP in ..udah GK rekomendet lah apl ini",1,2024-12-20 17:40:57
4959fe02-4f66-4cef-96ff-ee35ca26e71b,Sofyan Noor,2,mantap,5,2024-12-20 17:37:03
40bbbaa0-2f79-427b-b69b-7e6886e53e45,Ryanti Febriany,0,baru Download aplikasi ini semoga barang nya datang nya sesuai yang di katalog juga,5,2024-12-20 17:34:27
78d3aac9-ef35-4956-8b0d-fbc79f7063a8,Pengguna Google,2,"Ongkirnya dibikin lebih murah lagi, biar harga jual saya bisa bersaing",5,2024-12-20 17:22:12
8c2678f3-0748-4eb3-8f72-8eea023dfa61,Zahara fathia 2006,1,Setiap co di batalkan terus sama sistem sudah seneng seneg dapat voucher mana vouchernya jadi hangus lagi bukan sekali saja seperti ini!!!!,1,2024-12-20 17:16:02
359beae4-4889-4cf7-98b7-ad47cd9dc41b,Si Panjul,1,Kenapa chat dengan penjual tidak bisa dihapus? Numpuk nih.,2,2024-12-20 17:03:15
3578fb12-cb2f-4e1e-ba03-88e5c8c1834a,M. Ma'ruf,2,mantap,5,2024-12-20 17:02:29
c37232b0-57b9-4d8d-9620-2d0d5486a41c,Hadi Hermawan,1,Aplikasi tidak guna tidak bisa paylater,1,2024-12-20 16:56:21
8742a061-f648-4a3f-b989-e4b351f3cf81,Senwika Sediya,1,Susah di dowlon,4,2024-12-20 16:46:04
02df61de-f985-429e-aeed-2af885985483,Heryandi,1,"Kenapa sekarang tidak bisa hapus chat, jadi numpuk",3,2024-12-20 16:43:02
3a8dfce9-726b-4972-b3bc-02b6990587fb,Dwi Yanto,1,"Tokped ini ya, sudah kasih promo sendiri, sudah tidak check out, eh malah di batalin sama sistem, pengembalian dananya ke rekening lama lagi, ah masa seperti gini sekelas tokped pelayanannya!!!!",1,2024-12-20 16:38:43
ac1d3792-bb28-4112-a493-a75fc831d494,Utomo Utomo,1,Iklan mengganggu,1,2024-12-20 16:37:17
b5f3c477-8004-4b72-a596-40efcaafde95,Humaira,1,Jadi gag terlalu suka lagi sama tokopedia semenjak ongkirnya mahal sangat. Sangat kecewa lah,2,2024-12-20 16:29:54
ffcdd70b-9a20-4e32-9349-fcc95f50db7e,Ade Lestari,1,GUA RUBAH ULASAN GUA. PLATFORM MALING! BIKIN PROMO DISKON PEMBAYARAN DENGAN OVO. TAPI TRANSAKSI DIBATALKAN SEPIHAK! TERUS DANA GAK DIBALIKIN LAGI KE OVO!! MALIIINNGGG!!! CUMA SURUH BERSABAR!!! NENEK MOYANG LOE NOH SURUH SABARR!!! LOE PIKIR GUA BAYAR PAKE DAUN APA ????,1,2024-12-20 16:24:04
b8dc04c1-0856-4371-8812-ec6753ceaffa,Apen Lopes,1,Pengiriman sangat lelet,1,2024-12-20 16:19:06
7e0621a1-ee0c-42c9-ba0e-c0b1886fc7aa,Hakim Kalbut,1,Pengiriman sangat lama,1,2024-12-20 16:18:11
4e4c87c0-b0e5-4f9b-a9d3-6c27ac42186c,Huzi Mahdi,2,jos bnyk discount,5,2024-12-20 16:16:23
11dfb0eb-98e9-4393-a925-9594e1c8586a,Adel Rining,1,KEMBALIKAN DANA OVO SAYAAAA!!!! SAYA SUDAH CUKUP BERSABAR YAAA TOKPED!! KALIAN KASIH PROMO UNTUK PEMBAYARAN OVO TAPI SAAT PEMBAYARAN TIDAK BISA! DANA DIKEMBALIKAN TAPI SAMPAI DETIK INI DANA OVO SAYA BELUM KEMBALI!!! TRANSAKSI UNTUK PEMBAYARAN INDIHOME. HARI INI JATUH TEMPO PEMBAYARAN TAPI DANA SAYA TERTAHAN DITOKPED! HARI INI KALAU SAYA TIDAK BAYAR BERARTI BESOK LAYANAN INDIHOME SAYA TERPUTUS!! KEMBALIKAN UANG SAYA SEKARANG!! SAMA SAJA KALIAN SEPERTI MALING!!! MANA UANG SAYAA?? DASAR MALIIING!!!,1,2024-12-20 16:09:49
a01b82e3-fd04-4afb-950e-ec28fb110b10,Wawan Hermawan,1,ok,5,2024-12-20 16:05:42
ab416744-ff0b-4ea1-bef9-54f05b93a55f,Rhyza,1,"Saya ada masalah dengan penjual, mohon untuk segera di respon karena uang saya tersangkut di aplikasi beberapa hari, semoga segera di tindak",1,2024-12-20 16:04:08
20a4c6f4-15c4-4e97-88c9-7e07e094cdce,Donghua TV,1,"kalau tidak niat ngasih voucer, tidak sudah dipasang cok, mending tutup saja nih toped, tiap mau order pasti dibatalkan sistem",1,2024-12-20 15:58:09
98fe7c98-8b90-486d-91f2-73760f46a5e4,Erna Yulia fitriani,1,"ini kenapa ya aplikasinya minta diupdate terus, padahal sudah diupdate lebih dari 6 kali",2,2024-12-20 15:57:35
b5425ce2-9013-484a-b007-a5a9c575e516,Zainal Arifin,1,Yang tidak saya sukai dari aplikasi ini sekarang sering minta update. Mohon untuk update aplikasi paling cepat setahun sekali saja,1,2024-12-20 15:55:16
6520284a-2ef6-450c-afc6-0b77f3e9bf82,Dhanie Rama,1,"Sudah minta pengajuan pergantian barang, namun seller mengembalikan dana setelah 1 Minggu proses, kupon pun hangus sia sia",1,2024-12-20 15:47:35
d59cce4c-4e32-494e-8640-41aa4043653a,Bondan Lia,1,aplikasi tidak jelas buat pin susah sekali,1,2024-12-20 15:43:37
d0db3c97-a2bb-4786-a0b8-2db0b0cc05bb,Suciani Suciani,2,sangat menyenangkan mudah dan praktis,5,2024-12-20 15:32:12
d094ec6a-3fe1-4e96-acb6-81daf99d1b3d,Ujang Rahmat,2,"mantap,news",5,2024-12-20 15:26:11
f7a156df-6f34-4e90-95f5-9ea64deab2c8,Rio Septiara,1,Saat ini aplikasi tidak bisa di gunakan.knp ya?,3,2024-12-20 15:25:37
58da6426-f268-47b7-a2dd-dc0aaadf2fb7,cucu sunarya,2,terbaik,5,2024-12-20 15:24:11
57be9887-7b2b-43b1-b0b7-3037eba136bc,Csalqolam,1,"aplikasi nya suka membatalkan otomatis/ membatalkan secara sepihak terkait orderan pembeli. padahal barang sudah dikirim oleh seller, tiba-tiba di cancel begitu saja sama Tokopedia nya.. Allahu Akbar..",1,2024-12-20 15:19:12
cc2fa9ef-c16e-4673-9590-1dd846b7ed18,Caliber Indonesian,1,APLIKASI ERROR..!!BOLAK BALEK UPGRADE MALAH SEMAKIN ERROR..!! CHAT PESAN TIDAK DAPAT DIHAPUS...!!! MENGAKIBATKAN PENUMPUKAN PESAN CHAT YG TIDAK DAPAT DIHAPUS..!! DITAMBAH LAGI NOTIFIKASI PESAN YG TELAH DIBUKA DAN DIBACA DILIHAT TETAP MASIH MUNCUL DALAM APLIKASI...!!! APLIKASI SAKET..APLIKASI LEMOT...APLIKASI ERROR...!!! MEMALUKAN..!!!!,1,2024-12-20 15:13:52
291d71f7-adaa-40d8-a009-7311b7787735,Marwan Handika,0,ok,5,2024-12-20 14:54:20
36480d93-452c-4ab4-8f1a-910b9abdcea8,Sri Hidayanti,1,Kenapa Seh harus selalu update aplikasinya?menyusahkan konsumen.,1,2024-12-20 14:50:13
cc43f9c6-73c6-4449-bdf8-7ae73033d51d,Agung Waluyo,1,Udah dapat diskon besar tidak di proses malah di gagalkan sistem terus,1,2024-12-20 14:45:03
db08dc1d-297b-4a43-8150-848c9f92d58e,jois ranpiko,1,"Aplikasi tipu2, cod tapi tidak bisa dipakai...gratis ongkir gimmick doang, promo cuma tipu2 orange tuh ditiru gratis ongkir emg Rp.0 atau 5000an, ini masih 20 ribuan... mudah2an nyusul Bukalapak pelit promo..",1,2024-12-20 14:40:09
aecea6f3-2aee-4088-b43d-98197afad139,Chiya,1,"apknya bagus tidak ada masalah, tapi iklannya berisik, apa lagi pas muncul di apk yang bersponsor ganggu sekali suaranya omaigat omaigat berisik",5,2024-12-20 14:38:44
1ae5b23f-34b7-4785-8fb4-e5b9de20f167,Deni 888,0,BagusMbatu,5,2024-12-20 14:33:34
d24ff93f-dea1-4734-9b79-dec726ba8860,Dewanti Azzahra,1,Tokped kok lemot sih,3,2024-12-20 14:31:16
63e15cb3-02ed-4d74-b802-b73daa413942,Dhika Kayla,0,Ok,5,2024-12-20 14:17:01
fd7f66f9-c1e2-4ee4-b021-6e277efd35d1,Vanisa Clarissa,2,Terima Kasih.,5,2024-12-20 14:07:30
b412bc4a-f735-4d10-98bc-7828bde0dafb,nurhayati hayati,1,Sayah tida punya aplikasi ini tapi kemana uang di dana sayah di ambil oleh aplikasi ini tolong di konpirmasi,1,2024-12-20 13:54:11
77c673bc-b56d-4d65-a4a9-a95a3fbd0d2f,Adhi Ruswandi,2,mantaap. terbaik,5,2024-12-20 13:47:30
bd3cdd2c-7d38-4f4f-9505-60ec06e2fd21,rigen pramana,1,"Gak tidak usa beli di sini ,aku beli barang lama kali sampai uda 2 Minggu itu kurir nya kenapa a lama",1,2024-12-20 13:47:10
57a41ba6-e4ad-4bbf-a131-8d7482687574,Angka Wijaya,1,"Fitur pencarian chat Tokopedia sudah di hilangkan padahal sebelumnya ada, Tokopedia sekarang jadi jelek tidak bagus lagi, bisa2nya fitur sederhana yang sangat berguna malah di hilangkan",1,2024-12-20 13:40:53
118c810b-2c62-4665-8152-a304b5ff1a35,Tyan Setiana,1,"tidak aman belanja disini, kena tipu tapi pihak tokopedia tidak ada tanggung jawabnya, yang mau belanja disini siap siap kena tipu aja. jauh sekali sama shopee pelayanan dan tanggung jawabnya",1,2024-12-20 13:38:28
73068fa0-e5d7-4453-a62f-deace979651a,Amira Elima,1,Customer care nya lelet sekali respon nya juga lama banget.. Gak ada solusi yang di dapat kan masalah pengiriman,1,2024-12-20 13:19:16
8350a104-6208-430c-9cfe-a8e884bb25cb,Hendy Fradipta Diningrat,2,serba mudah 🤩,5,2024-12-20 13:08:43
3dac953e-2a79-4a9c-9513-ad43b6741c67,Infinix 10s,1,Tolong fitur hapus chat di aktifkan kembali biar inbox tidak penuh!,3,2024-12-20 13:08:40
2fc1a9f3-6ad0-4f60-824a-dddffb593794,Pjm Nara,1,"Biaya admin tokopediacardnya besar sekali Belum lagi biaya penanganannya ,haduh sama saja",1,2024-12-20 13:03:52
63ed2a96-2df7-4927-b37e-8da5febc440e,septian noor,1,"Toko pedia tidak profesional, kurir same day tapi 3 hari tidak di kirim2",1,2024-12-20 12:56:26
b9f66781-b3e0-455a-9fd9-17d0aca29250,David Rosidi,1,"JAMAN UDAH DIGITAL NARIK UANG HARUS NUNGGU SEHARIAN, KALAH SAMA SEBELAH YG SATSET KETRANFER",1,2024-12-20 12:55:09
e2409527-2e06-458a-84cc-55fbed581463,Eko Budi Santoso,1,"Tolong dong infonya , cara hapus history chat dengan seller atau buyer gimana ? dulu cukup tahan atau hold chatnya nanti muncul pilihan.. sekarang kenapa tidak bisa ?",3,2024-12-20 12:48:37
833c0b66-d183-4080-b9cc-05335d4652e4,Anip Sakithati,1,SARAN AJA REKOMENDASI PENGIRIMAN GAUSAH ID EXPRESS PAKET NGINEP MULU DI TH,1,2024-12-20 12:45:07
fee220c6-584b-4b68-9e82-66801d2aa3f2,Nendra Ardiansyah,0,ok,5,2024-12-20 12:42:34
55f70c20-6337-48a8-bf2b-8deddb03dafc,Marita Sugiarsih,2,mudah dan praktis,5,2024-12-20 12:40:42
eb27c4c5-1384-4dee-af48-aa9bfb4b2be2,Rohayati Ketiew,2,"Alhamdulillah bl minyak dapat murah,smg cpt sampai",5,2024-12-20 12:36:25
f167aa10-8f2a-4804-9346-591312541b49,M.khoirul anam,1,eror gabisa cek out mode cod,1,2024-12-20 12:28:31
c385d40a-b9cc-4b9c-b10e-d2438ee93adb,B E E R,1,Min mohon cs live agent adakan seperti marketplace sebelah .ini aplikasi saya tidak dapat buat co dan gimana ini cara menyelesaikan masalahnya kalau hanya robot yang kerja.baru kali ini kecewa sama pelayanan tokped.,1,2024-12-20 12:26:32
f4eca28e-5cf6-45d0-8483-0a6c0995f48c,Rahma Jesika Simbolon,1,Mau retur barang susah proses nya dari pihak tokped sendiri. Mau ngajukan bukti dan mau upload bukti susah.,1,2024-12-20 12:06:59
568f1d29-395c-4148-b515-8e92ce29ce5f,Amsyar Smk,2,mantap,4,2024-12-20 11:45:56
09cff61e-ab15-412c-9fd9-91134316815b,sitta sudewo,2,"mudah, tidak ribet, recomended",5,2024-12-20 11:32:12
edd35f3b-b626-4b2f-9dbb-1870a168f054,Septo Isdi Saputro,1,"klaim diterima, tapi dana saya belum juga diproses sama tokopedia ini. malah tokopedia meneruskan uang saya ke penjual. itu kan yang hilang barangnya seller, bukan dana saya tapi yang duluan dibalikin kenapa seller bukan saya ??? lalu kalau klaim sudah diterima, kenapa proses pengambalian dana saya belum juga diproses sama tokopedia ? tunggu apalagi ?? dengan ini saya infokan kalau pesanan saya pada tokopedia sebuah handphone ilang di maling oleh oknum Gojek by Gosend Samde Day 8 jam",1,2024-12-20 11:21:13
7326d683-dbac-4c7d-a4cd-10dc38ead4ab,Siti Fatimah,1,Kurir rekomendasi sangat merugikan dan proses pengiriman juga lama,1,2024-12-20 11:10:48
1c88989f-88fb-4b03-9f5b-7670d454ab5a,Nur Yasin,1,"gda call center nya jadi susah buat cek, barang di investigasi mulu sudah 2minggu gda kejelasan, tidak jalan jalan stuck disitu doang cape tunggu jangan pakai BOT lah susah buat apa apa BOT semua bukan orang yang bales",1,2024-12-20 11:08:38
acfca22e-4e0d-4929-82ef-c6c616c37199,IHWAN AHMAD,2,Good,3,2024-12-20 11:08:31
8e7ed121-b270-4581-a9c6-98e3f7d3bde6,dwi h,2,keren dan sangat membantu sekali. sekali Tokopedia tetap Tokopedia. tidak bisa pindah lain hati,5,2024-12-20 10:55:11
4985b963-c874-4a8c-9f4a-87f7781bfaa0,gudang rack,1,"semenjak dibeli byte dance ( tiktok ) , semua fitur mulai menghilang pelan pelan, bahkan ada indikasi monopoli mulai dilakukan oleh pihak toped semenjak dibeli tiktok dan turunnya Wiliam, semoga cepat ada market place baru yang benar2 lokal dan tidak dibeli sama pihak asing",1,2024-12-20 10:33:13
70bf950d-0358-4fa7-955a-28a1f28b9c7d,Mukti Abadi Falah,1,"Aplikasi yang nyusahin, sering suruh update terus. Gk di update tidak bisa buka.",1,2024-12-20 10:24:18
47d4af4d-194b-4888-ae89-b9117f1ce9d4,Syafnanasir Safina,2,sangat membantu,5,2024-12-20 10:19:11
b3ab2abd-d832-4e2e-8fc1-4abd66a377c6,Barca Galax,1,Expedisinya lambat kadang sampai gagal pickUp,1,2024-12-20 10:18:25
e8603cb3-9ced-4a0e-97f0-0b15fa79b392,Rudi _ble,1,"Sekarang tidak bisa menghapus pesan/chat, malah chat lama2 yang sudah dihapus muncul lagi",1,2024-12-20 10:17:56
2b93194f-8acb-4de3-b319-5447a88e6717,Arif muhammad Iqbal,1,ada kendala gangguan di rumah tokped dan pada saat bersamaan saya mengalami permasalahan di pengiriman barang yang saya pesan itu sangat mengganggu.. update berikutnya langsung saja unduh semua fiturnya jadi GK perlu download lagi didalamnya,4,2024-12-20 10:11:39
3c44937c-0937-4d29-a1bd-6af57c1dd14c,deny andyo,1,iklan mengganggu sekali,1,2024-12-20 10:05:05
e82b265f-f08b-43d2-8d6a-ac9e798e7c8e,Aulia Putri,0,Maaf saya kasih bintang 4 alesan nya karena di tokped jualan nya tidak ada yang serius semua kebanyakan penjualan nya dikit2 banyak yang jual palsu semua min tolong dong upgrade lagi supaya penjualan nya pada serius semua yh itu saja dan tolong di perbaiki produk2 mall seperti di sh*p**,4,2024-12-20 10:00:19
b1dd2386-8194-476c-b540-df46bb6c9e03,Fajar Utama,2,bintang 5 yang berbicara,5,2024-12-20 09:57:48
e89697eb-dab2-4ec5-871a-13f047c1ca01,Stok ml,1,Jelek sampah voucher tidak ke pakai,1,2024-12-20 09:57:03
9ae16155-ddd0-4de8-9e45-5503a854a992,Chepi Rizki Nugraha,1,"Aplikasinya jadi berat, sering Foreclose mulu dan kadang aplikasinya nuga tidak menanggapi",1,2024-12-20 09:49:13
6bd6a4a4-917b-4376-a5be-69959f1f739d,ITSNA,1,"Pilihan kurir rekomendasi buruk. Berharap tokopedia tidak kerjasama lagi dengan ID Express. Paket² statusnya diantar kurir tapi tidak ada satupun yang sampai, setiap hari gonta ganti nama kurir, tetap tidak ada yang delivery, kurirnya tidak ada yang niat ngantar.",3,2024-12-20 09:43:14
3f24e0d1-752a-4d8e-9287-8d153c20720a,Muhammad Ade irawan,1,"Pembatalan sepihak, bentuk tidak menghargai konsumen",1,2024-12-20 09:43:03
c90c3d75-3659-4970-abe2-b55798525615,Yusuf Ferdiansyah,1,"Kenapa fitur diskusi di tiadakan.? Padahal fitur diskusi itu sangat membantu bagi customer untuk melihat toko yang pelayanannya buruk dan bermasalah. 🤔 Dan aplikasinya pun sering lemot, di scroll kebawah untuk ngeliat product, eh baliknya malah balik lagi ke awal paling atas.? 🤔",3,2024-12-20 09:29:49
5e4ea059-935e-469b-80d0-ccf22aed6a60,Armandes Eko,0,ok,5,2024-12-20 09:15:44
6d26a8d3-90f5-48f5-97d8-9bfe476fed0f,Ragil Prasetyo,1,Sering terjadi masalah bug dan eror ketika menghapus notifikasi chat sari beberapa toko yang ada di tokopedia,1,2024-12-20 08:56:21
b1fa041e-f6cf-4e37-be8e-2d3c3157813b,Lords Lin,1,"Ini bolak balik update tapi aplikasi e makin jelek! Seharusnya yang bolak balik update semakin bagus ini makin parah! Pesan dan promo yang diinbok kagak bisa dihapus! N bebas ongkir tidak bisa pilih ekspedisi yang kita mau! Ini namanya tokped e egois dan sok ngatur pengiriman buyer! Klu pengiriman e cepat sih kagak papa,,ini pengiriman bebas ongkir e lama bnget bisa melewati masa dari estimasi e!!! Klu dikomplain pasti cs e alasan estimasi trs!!! Tokped care juga kagak ada guna e..",1,2024-12-20 08:51:30
09f3285e-3adf-466b-8e81-a0780758ca17,Eka R,2,Good,5,2024-12-20 08:43:31
5e512524-bbb7-402a-8b88-ed542fce4620,my name is?,1,"Liquid fan perlengkapan vape di banned tetapi alat sex toy terbuka bebas, sehat kah Tokopedia?? Menjijikkan",1,2024-12-20 08:30:07
96e7fcdc-69b5-40b4-a178-4d96f6d36cf4,Arumlailatul Fitria,0,"Min akun ku ada pemberitahuan ""integritas sistem sedang dirusak, perbaiki masalah ini sebelum menggunakan pembayaran, lalu dipaksa keluar aplikasi min saya sudah uninstall ku install lagi masih sama, gimana solusinya min",5,2024-12-20 08:27:45
3f14aa14-acb5-4e2c-88a0-f5d200b4bfd7,Wahyu Perdana,1,"agak kecewa di 12.12 sekarang, dari promo sebelum nya 6.6 sampai 11.11 selalu ada diskon semua kategori. tapi di 12.12 sekarang diskon semua kategori tidak ada sama sekali, cuma gratis ongkir doang tanpa minimal belanja itu juga sekali pakai saja",2,2024-12-20 08:18:37
1e878cdb-078e-404f-b31b-deea85985519,wentherik,1,"Saya revisi jadi bintang 3, tolong dibantu untuk kurir pengirimannya, paket saya sampai 2minggu tidak dateng"", bukan sekali 2kali tapi sering, itu yang buat males belanja. Padahal saya pengguna tokped dari 2020",3,2024-12-20 08:11:02
1858af91-87fa-4202-aff7-91ceae197911,Dede Mulyana,2,good,3,2024-12-20 08:07:51
6420c467-570d-4b12-883e-2e8d60f05748,M cris Fian,2,Mantap,5,2024-12-20 07:50:21
8b5e33b8-b347-4127-98ab-bd8316b47e1d,Azka Shikimori jungokin,0,Bagus tapi makin kesini diskon sama ongkir jadi dikit,4,2024-12-20 07:45:06
69c6d8db-0207-4d82-bbaa-5d484ca09525,Andri Widayat,1,Chat promo kenapa nggak bisa dihapus blog........ update2 doang,1,2024-12-20 07:42:59
7b2c242c-d610-45ff-beb5-3bdef56f3cbd,Good Mood,1,Tolong kasih menu buat pilih ekspedisi. Dibikin pusing sama sicepat. Ekspedisi banyak masalah kok masih saja dipake. Kayak gini yang sebenarnya buat males belanja di ijo daripada oren. Udah 4 taun di ijo tapi masih saja dibuat emosi sama ekspedisinya,1,2024-12-20 07:42:41
088ffa98-4774-4dcc-bf24-e2ae8e646730,Kere Keyrey,1,"Bingung sama ongkirnya,,,barang tidak sampai sekilo juga ongkir tidak berubah,,tetap di harga ratusan,,kalo lebih sekilo itu mulai naik,,,maunya untung saja",1,2024-12-20 07:39:48
b4b1ac41-fa08-45ac-a83a-cc58a18c7dfd,Dodo Ghoul,0,lumayanlah,5,2024-12-20 07:36:02
7abb85dd-57cc-49e8-a269-8cea888dc7d4,Pratama Nur,0,ok,5,2024-12-20 07:31:55
3a5ac21c-b72b-4c86-9da0-96093661f712,Syafiq Abdilah,1,Gk niat ngasih voucher najis haram padahal sudah bener syarat juga sudah bener tolol bat ajng,1,2024-12-20 07:25:52
75199396-2b82-4b29-8316-c4d99fb366cc,Markus Bluebird,1,"Mau uninstall apk android, diskusi produk hilang jadi tidak bisa balas diskusi . Wishlist d limit, tidak bisa lihat brg di diskusi dan chat. Keranjang di limit tidak sampai 100 juga ,apa versi web lebih bagus kah. Parah skrg tokopedia. Fitur search chat penjual mohon dikembalikan seperti dahulu sebelum update! padahal bisa mempermudah mencari penjual kalau bisa search kata kunci nanti muncul semua penjual nya, baik kata kunci chat atau toko, sekarang fitur itu hilang dan diskusi produk juga mhn kembalikan",2,2024-12-20 07:14:14
834fa3fe-bbb4-4ad9-a347-92c137495e93,Ainayya Nurul Azzahra,1,"Kemarin belanja, tapi ternyata seller slowrespon dan tidak memproses pembelian. Selama seminggu tunggu kabar dari seller. Berusaha komunikasi tapi tidak dibalas padahal online. Berusaha minta bantuan tokopedia care tapi tetap tunggu seminggu buat batal otomatis. Minta bantuan tokopedia care supaya ada solusi. Bahkan mereka pun tidak bisa kasih solusi. Yg lebih lucu lagi, seller itu power merchant. Yg seharusnya bisa dipercaya. Kecewa sama tokped sekarang. Baik sistem maupun customer carenya.",4,2024-12-20 07:12:31
fa6d7d22-a7c8-40b6-8fe5-e37f0591a9a4,Anam saiful,2,mantab,5,2024-12-20 07:05:58
d251e80c-22f0-47e1-8eb8-b5bd5e5b3c07,Anik Chadisah,2,sangat puas belanja d tokped.harga murah sekali,5,2024-12-20 06:58:42
3f0f16c9-6a97-4d0f-8ff5-7fa54a67246f,Abdul Aziz,1,Setiap co pasti di batalin mulu nanya ke cs tidak ada solusinya aneh,1,2024-12-20 06:55:50
a94dd5d0-7a40-4c89-bbd5-03cca3cb308f,Salsa Kusumaningrum,2,"Bagusss sering ngasih promo, sehat2 mimin😍❤",5,2024-12-20 06:47:52
d9b46a0a-3dbc-4a0e-aefb-b3fe891fbf1e,Ali Mutakin,0,ok,5,2024-12-20 06:47:03
4eff7c97-8997-4010-9014-bb8134a9cbb3,Azkagg Elek,1,"Halo, kenapa untuk login dua akun di satu apk(ponsel) bisa ya, tetapi untuk pendaftaran dua akun baru tidak bisa di satu ponsel ""kesalahan pada server"". Itu kenapa?",4,2024-12-20 06:41:07
2fc6409d-a83b-4a45-8d8a-e83f8bfb88c4,Shi Xiaonian,1,"Halo, saya menemui beberapa masalah saat melakukan pendaftaran Tokopedia card, saya sudah mengisi semua kolom. Permasalahannya ada pada kolom ""status pernikahan"" saya sudah memilih Single, namun saat ingin mendaftar harus mengisi kolom harus mengisi jumlah anak dan nama ibu gadis, begitulah. Apakah ada customer service untuk Tokopedia? Jika ada di mana saya bisa menghubungi nya? Terimakasih Sekali lagi terima kasih sudah menganggapi ulasan saya",5,2024-12-20 06:31:49
6ab8d014-603a-4cf2-8c21-a8d37a0007db,Adam M,2,very good,5,2024-12-20 05:56:45
ced785ed-93dc-485c-8b1e-7798d3619e6c,Nova Viana,0,kasih bintang 3 dlu soalnya baru pertama kali pakai toko pedia,3,2024-12-20 05:47:16
72642906-05ea-4309-a140-b9ebd8ad8af8,Cahyo Mukti,1,apalah sekarang pakai nya code vocer tidak asik paket datang tidak sesuai estimasi tidak dapat komisi,4,2024-12-20 05:29:28
6faad228-9074-47a5-a1c5-b99ede5f569d,Oki Oka,2,tokopedia mantap,5,2024-12-20 05:28:47
5cc44c27-9713-4d0b-a03e-b414db17181a,Azzam Arfadhika,1,Berlabel bisa CoD di checkout tidak bisa dari sekian bnyak toko satupun tidak bisa cod,1,2024-12-20 03:53:27
85bfd03f-20aa-44bd-8e7c-80e1bc16f721,Kalashnikov,0,"Secara keseluruhan sangat baik, terlebih memberikan banyak promo, namun saya kecewa pada fitur langsung laku nya, sudah dihilangkan malah membuat saya kecewa, saya tidak dapat menjual handphone dengan terpercaya meski harga miring sekalipun, tolong ya pihak tokopedia atau goto, kembalikan fitur langsung laku",2,2024-12-20 03:50:03
bf708720-fcf7-4912-af45-ed6efb503053,Rini Rain,1,Saya kan sudah lunasin gopay pinjam.. tolong jangan telpon terus nawarin pinjaman... Saya sudah tidak mau pinjam uang lagi .. cukup gopaylatter barang aja.. sangat mengganggu di telpon terus.. sudah diblok dan saya bilang sibuk juga masih.. benar benar mengganggu sekali..,1,2024-12-20 03:16:52
13e657c5-ed12-427b-bf09-d943c6d0521a,Kaclim Ajja,0,ok,5,2024-12-20 03:04:45
f5d4c9d9-34d5-4e1c-ab86-82d65112aebe,Azka Wildani,1,"Tolong ya tokped, setiap dapat promo kalau mau cek out pasti ada trouble jaringan, mohon diperbaiki",3,2024-12-20 02:41:30
1d3ff296-859f-4055-9e5a-e37764154f29,VICCO sKy,2,sangat membantu,5,2024-12-20 02:27:50
77e4bbe9-53ce-421c-9533-b84e19c0d5f6,IMAM SUMANTRI,0,"mohon bantuan nya, tiap saya mau verivikasi data diri, selalu berkendala. Ini kenapa ya ?",4,2024-12-20 01:58:25
83b7e775-113e-464c-bb93-96e63a2ece16,Dias Novis,1,Mode cod nya ilang ilang,1,2024-12-20 01:18:15
faccfbdb-7beb-4686-974c-31b931b02191,Rizki Kusniadi00,2,mantap,5,2024-12-20 01:15:07
8e1caa38-19d2-4b75-b08f-81484e199608,subarna thapa,2,sanget mudah tokopedia cad buat belanja ke bituhan usaha terimah kasih,5,2024-12-20 00:48:11
179601ee-950b-42e8-ac2c-146083b400d9,Irwanto Irdi,1,"Aplikasi diperbarui bukannya baik malah buat pusing, pemilihan jasa kirim cargo tidak bisa manual bukannya lebih hemat tapi malah lebih mahal",3,2024-12-20 00:47:47
285c699e-7667-4996-908d-f616738cb3b0,Syifa Fajrin,2,terbaik,5,2024-12-20 00:46:05
679e111c-a075-4a15-9c6d-25665272d120,Muhammad Syaifudin Yuhri,1,"Untuk area kalimantan timur kalau bisa pakai ekspedisi j&t dan jne ,, kalau ekspedisi si cepat lambat pengiriman dan sering kali melebihi batas waktu pengiriman ..",2,2024-12-20 00:31:43
8c3dee30-c8ed-45d8-b460-35da2ac60f5f,Nabilatussalma Almunawwaroh,1,upgrade 3 kali gabisa kebuka terus hadeuh,3,2024-12-20 00:17:30
3ff429d8-2fad-4269-a8ff-6abdd9f2fe41,Margono Gono,2,toko yang sangat amanah dan sangat membantu banyak diskonya klu ada kendala pemesanan langsung ngerespon 👍,5,2024-12-19 23:57:55
3c5d6d92-3f6d-464e-a1ab-35cde03b0cab,Ayong Ganesha,1,Udh tahu pengiriman lambat...tp masih saja sicepat jadi pilihan kurir rekomendasi Aneh... Ada udang d balik batu ini,1,2024-12-19 23:54:01
68e6c7d9-60c5-4175-822b-8f929a45afb6,Cahyo Cahyo,1,Saya kecewa sama Tokopedia Saya tidak merasa membeli harus membayar bener-bener kecewa saya Saya ingin uang saya kembali karena kan sayang tidak merasa membeli barang atau apapun,1,2024-12-19 23:24:18
f79fecac-4133-4682-984f-6fbe2e17ecdd,Rangga Saputra,1,"TOKOPEDIA MAKIN RIBETTT!!!! KERANJANG ADA BATAS NYA, SAYA BELANJA YG HARUS SAYA MASUKIN KERANJANG BANYAK, KARNA SAYA BEKERJA DI PERUSAHAAN MESIN ROBITIC!!! SETIAP MAU CHECK OUT HARUS NYICIL MASUKIN BARANG KAYA KREDITTT!!!!",1,2024-12-19 23:19:06
59764dfb-f24f-498d-bc3f-d337b72fee44,Moch Safiih,2,good,5,2024-12-19 23:18:34
c2a2d253-a9c1-4db2-98ed-43f2f17368f4,L fauzian,1,"Voucher diskon dibatalkan terus, di tuduh pakai banyak akun. Padahal yang pakai alamat rumah ada banyak karena rumah ada kost, idiot",1,2024-12-19 23:17:20
a8089c02-e1e7-4ae6-89fb-6793a8ca9b03,HAEH CHENNEL F1,2,kerenn promo akun baru,5,2024-12-19 22:49:48
a627fc2a-ea4c-4705-a8cf-fb997f535bab,Wawan Pratama,1,Hiji bintang tidak dapat di instal jelek,1,2024-12-19 22:45:44
1b780e7d-ff2b-4cb5-8cc3-4f2e0e9faee5,Sandi Wijaya,2,baik,3,2024-12-19 22:28:08
7f676301-b256-44aa-a91c-3975a9119e11,Daniayal Danil,2,terimakasih tokopidia...mantap,5,2024-12-19 22:25:09
d48efe52-081b-41e0-8ab1-87931954d88b,RabietKèntucky,1,Buat pin transaksi saja ribet sekali sumpah,1,2024-12-19 22:24:41
8add1743-efb9-41e0-b271-8928c41f55b4,Ell Kaureen,2,bahagia sekali banyak promo,5,2024-12-19 22:22:12
573afef8-c67c-4668-926f-c2614b62e27f,Jalan Pintas,1,"Kurir rekomendasi tokped sangat lemot !! Padahal alamat jelas, nomor tlpon jelas, masih saja status alamat penerima tidak di temukan, entah ujung²nya barang hilang, entah sampai 1 Minggu lebih, trutama kurir sicepat dan JNE (Buruk), yang bagus di tokped JNT, IDexpres. Tolong di evaluasi lagi lah!! Kalah sama lazada gercep kurir2 nya.",1,2024-12-19 22:15:16
be3ad677-05a3-40f5-83b8-69f6cd4f7415,Roni Roni,1,Mohon di bantu saya tidak bisa buka chat customer service dan saldo tokopedia jawabnya selalu ganguan rumah tokped saya mau dana saya yang di saldo tokopedia,5,2024-12-19 22:11:55
b0b1cb19-42b5-428a-ae1a-45ab48d820dd,Galang Wijaya Dewan Putra,1,"Cs Tokopedia payah, lama sekali responnya",1,2024-12-19 22:01:16
03d71c79-9d42-4ea9-bb51-2fbbf0e259e8,mokhamad sugianto,0,sip...mantab....sayangx tidak bisa di cicil 6 bln....kayak sopee bisa....bisa buat langganan makasih...,5,2024-12-19 21:54:56
b219d030-b5cc-4fce-97b7-e78f2cc4fae2,Ismail Mail,2,Memuaskan apknya,5,2024-12-19 21:47:22
6e164618-623b-4b22-9e15-f94596843e99,Asep jamiluddin,2,semoga lebih baik lagi dan tambah sukses,5,2024-12-19 21:46:23
83d55449-cf6b-4366-adfa-4bc375ffc36c,Nandi Wahyudi,2,mantap,5,2024-12-19 21:44:57
8c9c5125-832d-43c3-8a2f-c4aada0db976,zulfikar Mia,2,bagus sekali dah pokonya,5,2024-12-19 21:43:44
9694ebef-28f8-4a7b-bd2d-3cdc0cc59036,Syifa Arifa rahma,0,BUAT BELI BARANG BARANG LUCU,4,2024-12-19 21:42:32
f0391f95-544f-4a83-8690-8fa65b98a73e,Naura Aisya,1,"Update doang rajin, giliran promo diskon pelit. Mending shopee",1,2024-12-19 21:42:15
79f88f59-7a0c-4a98-95c5-93e453ffed2b,Fardinan Maleto,1,"kagak jelas pesanan gw dibatalin otomatis, iya uang dikembaliin, tapi semua voucher hilang wak!",1,2024-12-19 21:42:14
416b2f61-1de9-4723-9b46-3879c012141a,arifi hartanti,2,keren,5,2024-12-19 21:16:01
b4a6873a-0651-4d8d-b3f8-29a0e10b3ff0,Al Hafiz,1,kecewa sama apk ini,1,2024-12-19 21:11:26
5b37e8c3-f45d-4abe-ab9d-aa63093206a9,Ifananda Ifananda,2,sangat baguss,5,2024-12-19 21:06:40
744a8c7a-f8c2-4beb-927e-ad61754742dd,Rajendra Dilona,2,mantap terbaik,5,2024-12-19 21:05:37
1de4b8ed-b64c-44d0-9536-b0df91ad0525,Purwa Zone,1,"Beberapa kali belanja di tokped tanpa masalah, tapi mohon pengembalian uang bisa di percepatan, jika pembeli lama confirm. Masa butuh dua belah pihak dll. Lama ribet prosesnya dan rugi waktu....",1,2024-12-19 21:04:02
35edda18-dcba-414a-8606-eb6676eedffb,Anwar Tarigan,0,Susah dapat cod apalagi ke aceh,3,2024-12-19 20:46:36
3b19d83a-de01-45e6-8b75-bf7296eea0bb,Edy Junaedy,2,"Cepat dan mudah di paham,i kerja sama antara ceria BRI dan Tokopedia, terima kasih",5,2024-12-19 20:44:20
4424e8d3-3420-432a-baeb-824166e7f75b,Nazril Arma,1,Parah mau di update berhenti di 98% sudah w delete ajh ni aplikasi,5,2024-12-19 20:43:44
d5eb5d4b-fd76-403c-8b48-83aad8ba1c5c,Eloni Kuen,1,TRASH,1,2024-12-19 20:43:43
6a7b1e5a-08e4-405d-beeb-46529635ce4d,Kiki Setiawan,0,ok,5,2024-12-19 20:41:40
8b2fab5d-3996-45da-a7d8-c87210c1d127,hafizul Amri,2,Bagusssss 👍👍👍👍,5,2024-12-19 20:35:30
d8b45ed8-3942-4749-8d98-5109bc695610,Neeng Chikma,2,"banyak diskon murah""",5,2024-12-19 20:30:27
7fc60e1c-caa5-435b-b798-1c612e21bc92,Dicky Decky,1,Aplikasi CACAT!!!,1,2024-12-19 20:26:15
0c2d5e6b-a4bd-4565-813a-d0655f97958e,Ayah Lugay,0,Ok,5,2024-12-19 20:25:23
9f8f9f1e-a978-48c6-a93e-883c724e4caf,Acon Acon,2,belanja murah bagi pengguna baru tokopedia memang top,5,2024-12-19 20:21:15
33f06d1b-b849-4a08-bda9-8bf07c8904ff,Redmi Notetujuh,2,"puas sekali belanja disini banyak diskon, pertahan kan yaaa selalu kasih diskon",5,2024-12-19 20:19:41
6893e25c-3f44-4112-a524-92e86820b2e6,Budi Setiawan,1,"Maaf, apakah hanya saya yang tidak bisa menghapus history chat ? Dulu dengan cara menekan lama chat dan muncul opsi hapus chat.",5,2024-12-19 20:15:49
ccfd2df8-bce0-4e22-93d1-e04a30446ee1,Vina Vina,1,jelek,1,2024-12-19 20:07:27
b6dc47c7-202a-45d1-8605-81509a489a5c,Bengkel Komputer,2,mantap,5,2024-12-19 20:04:55
7fe07fd1-da97-4681-8cd9-3794d86bee9f,KEENAN AHMAD RAJENDRA AL HASBI,0,ok,5,2024-12-19 20:02:36
01c739a3-445f-47ff-867d-80fb6269ce90,p_ nuryasin,1,Aplikasinya error mulu mau upload foto ulasan saja susah gagal mulu belum lagi pengiriman nya lambat dan juga barang kecil saja pakai mobil daerah saya belum masuk mobil hadehh,1,2024-12-19 19:56:37
a56802c6-fa13-4fae-97cd-482b23dc543f,begal online ifx,1,admin tidak memihak saya. . pembeli sudah menghancurkan barangnya malah retur disetujui. pantesan pada pindah ke e-commerce lain,1,2024-12-19 19:51:01
3e8a93a0-8737-44a8-a4a4-1d9797157099,Har yanti,2,kerennn ahhhh,5,2024-12-19 19:48:39
b96cbd77-8916-4978-9343-be7c301ae3b6,RAFIF & DIKA (Dika),1,Toko pedia pembohong,1,2024-12-19 19:47:26
c695641c-36e1-44a9-929b-de7b71093c77,Priyo Efendi,2,gooooooooooodddddd,5,2024-12-19 19:47:24
2ac2d0af-0600-4840-b578-6015463f4710,Rachel Makaya,1,"tidak bagus, saya pesan micellar water menggunakan promo malah dibatalkan dan promo + voucher gratis ongkir hilang dan promo mengurang tidak recommended",2,2024-12-19 19:47:04
7090ba3e-f516-4212-9994-78843866fa97,Duldul Kamalawa,2,jossss,5,2024-12-19 19:44:21
82e4b804-e81a-442b-b756-01b8dd67367c,Muhamad hadi maulana,1,baru pertama belanja langsung di batalkan pesanan nya🙏niat jualan enggak?tolong perbaiki reseller/penjualnya🙏,1,2024-12-19 19:38:15
83bb6fcd-62ca-4547-a829-0bfbdba6f41b,Asep Ridwan,2,Memuaskan pelayanannya,5,2024-12-19 19:24:26
86745c15-ae7c-4314-a9de-ef8f10a311de,Aditya bayu Yudhystira,1,"Udah update, tinggal instal kok minta update terus y, app nya tidak bisa di buka terus.",2,2024-12-19 19:23:50
e6aa6f35-7da2-4a7b-a444-7b6c8cef43de,Indra Wan,0,ok,4,2024-12-19 19:23:45
7c18e485-aa2e-4b57-95dd-70e004b69771,Dede Lani,2,masyaalloh amanah sekali🥰,5,2024-12-19 19:23:06
3d9a31e3-bf92-41f3-b002-478e45c7b790,noviyanti nurhikmah,2,Puas belanja ditokopedia,5,2024-12-19 19:16:40
b4518a12-b4cf-4971-9ce5-2b8edecafdd1,Rosa beloved,1,Bad market place ever!!!,1,2024-12-19 19:12:11
9d41086b-6788-429a-96b6-59ca6437a5a5,Karya Bangun,0,ok,5,2024-12-19 19:09:45
ee126b58-82a7-4524-848e-49e423f1287a,Dario Pratama,1,Bagus lebih lengkap barangnya dari pada di Shopee tapi jangan banyak ongkir nya ya,5,2024-12-19 19:06:51
86e03dc6-e42c-4a9c-a9c2-fb2aa4c008b4,116_Daniel Elson,1,Parah setiap kali mau membayar kenapa harga barang nya dinaikkan dan setiap kali mau membayar pakai gojek kenapa nggak pernah bisa apk babi,1,2024-12-19 19:04:31
33e6ab51-2fad-43a3-b781-86dc7f640c30,Geget,1,terserah kelen lah,1,2024-12-19 19:04:31
959c7860-0c6a-4f81-a63d-1216c56b5f6c,Sahabat razan,2,mudah dan aman,5,2024-12-19 19:00:51
c14694e8-ef6d-46b4-b1da-c5e03c479449,VIONA FISSABILLILAH,1,Setiap mau co brang yang ada ptongan harganya selalu di batalkan sistem!!,2,2024-12-19 18:48:19
62256044-1d0b-4d98-ab22-f5c5548a5669,Fathul Amin,1,"BUAT TOKOPEDIA TOLONG TINDAK TOKO YANG NAKAL,KENAPA YA KALO BELANJA DI TOKOPEDIA PESANAN SUDAH DI BAYAR TAPI BARANG TIDAK DI KIRIM2.SUDAH 3X SAYA MENGALAMINYA",1,2024-12-19 18:42:49
24bb538c-f925-4531-bb7e-f218fbed629e,playR 2,1,Tolong Tokopedia jasa pengirimannya diperbaiki. Setiap pesanan selalu saja lewat dari estimasi tiba padahal dari yang lain bisa lebih cepat. Nanti dikasih bintang 5 kalau sudah lebih baik.,2,2024-12-19 18:36:53
a9ffd57f-6897-4884-950a-2e787a232cc0,Farhan Dhiya Ul Haq,2,Good job,5,2024-12-19 18:31:59
03c8f1b3-65ad-4cb2-98dd-b921c4b0f5c7,Ongmn 2,2,Kwereeen,5,2024-12-19 18:25:20
50350f7b-01e6-46a9-86b9-48c7284f148b,MUSTOFA ZAENAL,2,harga murah²,5,2024-12-19 18:20:25
4ee0d8d2-db68-4b17-a276-2c46658ffdbf,Fransisca Kuswondo,2,ok sekali pokoknya,5,2024-12-19 18:09:18
83145ff3-90d2-4b0e-aab0-33173744d95d,Moh Karim,2,baik,4,2024-12-19 18:00:23
d7c1f180-9983-4aa8-bc13-a6f663b473ab,Andri Babang,2,mantap promonya,5,2024-12-19 17:50:02
a28b8385-ea3a-47f5-80b3-f1ec04e28d55,Imron Muhamad,2,baik,5,2024-12-19 17:43:48
19ae59ad-ece4-4ade-9abe-a9a9e9f2d669,Christian,2,nice,5,2024-12-19 17:35:14
7c0acadc-2113-4bed-b9c8-c6f4df438a4d,Rivki Maulana,1,"Lama pengirimannya, beda sama toko oren",3,2024-12-19 17:31:09
b2d5742f-83d3-462e-8a7c-df565d2acdcd,Ayu Sri Wahyuni,2,muraaah bangt belanja di sinii gaesss,5,2024-12-19 17:21:59
f4d92564-9633-431e-8d1d-98223e6080f9,Lupi N Adiyatna,1,"Perbaiki sistem pengiriman ngaco lu tokped, masa iya sameday jadi nextday",1,2024-12-19 17:19:19
33cc929d-013c-4282-ba2f-041349ea7bfe,Zainudin,1,Baru sebulan di update sudah minta di update lagi kebanyakan update,1,2024-12-19 17:17:41
4a4ce754-6563-4e8e-a377-3d2f01e1a364,Fahmy Munawar99,1,Kok Tokopedia tidak ada potongan ongkir ya jadi males pakai nya,2,2024-12-19 17:00:47
6bcaf53a-a8b5-4875-95cb-2bd8dec62516,Isna Waroh,2,seneng belanja d tokopedia,5,2024-12-19 16:51:35
e707bc3a-86d6-4aff-b2dc-a94b2549ee0d,Iwan Zuma,1,"Erorr muluu, sudah pakai versi terupdate tapi ms donlot progres, donlot progres ajeee, payah,, kalah jauh sama BL",2,2024-12-19 16:49:17
4ee6ee28-12b4-4a5d-9c1a-692d53f67aba,Azuko Volt,1,"Diskon banyak, tersedia layanan bebas ongkir untuk harga tertentu. Pengalaman paling buruk pada aplikasi olsehop dimana barang yang saya beli dstang dengan keadaan rusak, sudah berkali kali saya tidak mendapatkan barang dengan selamat dan masih berfungsi dengan baik. Banyak seller abal-abal.",3,2024-12-19 16:49:14
a253569f-18ef-4759-a4b1-ce60b32b5c6b,Rahmadtullah,2,good,5,2024-12-19 16:45:30
164a04ee-c341-4bcf-bda7-c7ad89053c51,Fera Ratna,1,"Jangan mau belanja lagi di Tokopedia Barang rusak bermasalah tidak ada solusi yang jelas2 tidak ada kesalahan dari saya selaku customer atau pembeli,pliss untuk semua bantu viralkan aplikasi ini tidak bagus tidak amanah",1,2024-12-19 16:45:04
21e2da82-90e2-4fa4-91a6-5e83f4867286,Vera Jana,1,"guys pokoknya kalian jangan mau belanja lagi ditokopedia karena seller nya tidak amanah masa iya barang berapa menit sampai sudah muncul garis dan minta bantuan Tokopedia tapi malah didukung seller nya, pokoknya hati2 mending beralih ke aplikasi lain karena disini kalau ada kendala tidak ada solusi ,boikot saja aplikasi ini",1,2024-12-19 16:41:02
1ca3b420-6da2-4e79-a408-668f10e8800a,Chanel ml alpah,2,"APK TOKOPEDIA INI MEMBANTU BANGET UNTUK SAYA BERBELANJA DENGAN EFESIN DAN TENTU PRAKTIS,,,DAN BANYAK JUGA DISKON NYA YAHH,,,JADI KAPAN LAGI DOWNLOAD SEKARANG🙏🙏🤩🤩",5,2024-12-19 16:40:13
a4b97dd1-07a8-4e75-afd1-a63dd9724b24,ALEX,1,tidak bisa pencarian dengan gambar 👎👎,1,2024-12-19 16:36:25
22e577cd-fb04-4885-b54a-75afb24cc07f,Raisya Fals,2,Membantu,5,2024-12-19 16:32:35
58e955f4-b168-4c7a-b476-6522ec0ad980,X Dii,2,recommended banyak promonya,5,2024-12-19 16:18:33
6e94bf48-16c0-496f-8c93-163f41b8f7a2,Sari N.,1,aplikasi TOLOL ANJENG. GAADA CS SEMUA PAKE BOT. CEPET BANGKRUT DEH LU COK,1,2024-12-19 16:17:30
7b14db70-335d-4403-bd94-61d08abbddb1,S Em Pe andunesi,1,Klo dikit2 minta update... Sumpah tidak bakal pakai aplikasi ini...,2,2024-12-19 16:13:26
2e9d964e-31cd-4a8d-8286-3a7c1ba4048f,Iwan,1,"Untuk penarikan saldo refund melalui gopay terlalu lama, jadi saldo yang mau digunakan untuk berbelanja tertunda karena proses penarikan terlalu lama.",2,2024-12-19 16:12:57
2d6a6420-8231-4fc7-a8d6-2fcdb5347235,Iwan D,1,Makin lambat sekarang pengriman nya lama pakai kurir rekomendasi malah lambat 🤦,1,2024-12-19 16:08:38
d8058d04-7e3b-47b3-b2ed-192323592fd8,andri firmansyah,1,"Saldo etol hilang, pusat bantuan tolol nya minta ampun. Dasar komplotan pencuri",1,2024-12-19 16:06:37
5a8814f1-e552-46d5-b76f-7296b25e8948,gathan bageur,2,pelayanan baik cukup ok,5,2024-12-19 15:51:53
e1eb5eef-2c81-46c7-8762-ecc9bdeaf9c4,Baim Okke,2,"bagus,cepat dikirim ke rumah ku",5,2024-12-19 15:43:55
765c203a-1395-46f1-9f38-a3c47e10b14b,Dian Indie Rahmalia,1,Saya punya kendala nomor saya yang sudah tidak aktif masih nyangkut bersama dengan email saya yang masih aktif. Saya mau ganti ke nomor saya yang skrng ternyata gabisa karena sudah terhubung akun lain. Saya minta tolong ke tokopedia care tidak membantu. Saya memutuskan untuk uninstall aja.,1,2024-12-19 15:43:43
cefa087f-7adf-4efc-ba55-e009e8efdf1b,kus UNTORO,2,Easy shop,5,2024-12-19 15:32:38
8dd871c5-18ec-4c0a-bcf5-f85bdadd6bbf,yulita Oktaviana,1,Barangnya emang murah ² TPI sumpah gw sakit hati Ama ini kurir yang ada di sinih nggk ngelayani sungguh ² mlh paket ku belum dateng²,4,2024-12-19 15:31:22
aeda5258-0299-4f88-a929-e48a164bc2f0,Zaki Irawan,1,Tolong updatenya di cek. Barang dikeranjang saya ilang semua setiap masukin prodak baru. Kacau,1,2024-12-19 15:29:23
0a6b9004-d65e-4230-a734-71afa81d1e9f,Christian Madya,2,BAGUSS BANGET WOII BANYAK PROMOO PUAS WOI,5,2024-12-19 15:26:55
eb9846d2-4537-45db-a1c3-964d04ec7b22,Rama Pratama,2,Top pokok👍,5,2024-12-19 15:26:52
a7721dfb-00f5-4868-aff3-e214be25c305,Aynaya,2,Sungguh bagus toped ini Barangnya bagud bagus semoga tapi agak lama sampenya tapi aku suka barangya kok,5,2024-12-19 15:19:27
58e8f372-ce46-4e60-99bb-d138eefb9b58,Ryan Yulianty,1,"Sistem COD nya tidak semua produk,, hararese ahhh",3,2024-12-19 15:19:19
9e710ae7-0423-4a8f-a509-a9b503f2f3ac,DSAHIID .R,2,Bagus cepat merespon melayani,5,2024-12-19 15:01:58
3590bcb5-9e19-4681-8d94-a3c2b5e2322c,Sakti Antares,1,Kebanyakan update,1,2024-12-19 14:56:54
e3484948-555b-46bf-b300-93b9e929aef1,Mohamad Nurus,1,Lain dulu lain skrg. Dulu paling nyaman belanja disini tidak peduli walau lebih mahal saya senang belanja disini karena lebih mudah dan simple pengiriman juga cepat. Skrg metode pembayaran tidak selengkap dulu. Kirim instan biasanya 1 jam paling lama. Skrg pakai kurir instant 3 jam lebih baru nyampe.,1,2024-12-19 14:56:40
fcf98372-1095-472b-aea5-8131bc7849ca,xanif fariz,1,"Proses pengiriman nya lambat, padahal dekat ini sudah 5 hari belum smpai2 juga, aplikasi tolol, lebih bagus lagi aplikasi oren",1,2024-12-19 14:45:32
6e04108d-3ca6-4fc1-a46b-1ad292030383,Anna Bardi,1,Pick up same day.. ampe 2 hari tidak ada driver yang pick up.. ngerusak bisnis aja.. buat kecewa.. baik untuk penjual maupun pembeli,1,2024-12-19 14:40:48
a7913bf7-3c3d-4d4d-b918-fc2f555558d1,Rtossu p,1,"Nyesel beli disini, kalau tidak pengiriman lambat, ya barang rusak, komplain ke tokpet nya juga percuma",1,2024-12-19 14:37:52
28dc4159-cf08-4059-b271-50fd21f205e3,Umbul Gunawan,0,OK,5,2024-12-19 14:31:14
b1df0895-a907-4a69-a25c-c21f7ec1d661,Evan Wiliadi,0,cukup,5,2024-12-19 14:27:51
dddb8e54-d7b1-4899-89d7-e823e7187a3b,ferdyan novia,2,sangat membantu proses transaksi lebih cepat,5,2024-12-19 14:26:17
e2e4a6ee-e7e7-46db-a5ea-d6fec9b44988,Aldi Borneo,1,Males banget. Bolak balik kudu update. Misalkan kalau tidak perlu update kan harusnya masih bisa dipake kan?!!. Padahal update minor doang akhirnya tidak bisa belanja!!,1,2024-12-19 14:21:28
d0a03bd3-9968-45b7-9dc8-7f33873c9231,Aldo,1,tolong dev status pengiriman dibenerin. Status pengiriman belum gerak tapi barang sudah dimana. kan berabe kalau cod pas gaada di rumah kasian kurirnya.,4,2024-12-19 14:16:10
67fe5181-1b30-4b75-b910-c4c81befe3ec,Izayoinara Main account,1,Gajelas,1,2024-12-19 14:12:08
cfa50eb6-b60b-48ad-b47f-d2969bffd6aa,Sunarto Joyo,2,mantaff,5,2024-12-19 13:58:52
636725d6-cff8-4c6a-9fbb-256abfa45d8f,laventier,1,Cm diaplikasi ini saja dipaksa buat update.. Sering update tapi tidak banyak perubahan signifikan,1,2024-12-19 13:53:44
3a98cece-09e8-4814-b99f-74b886cbc151,RED- STORY_,2,bagus🤑🤑🤑🤑🤑,5,2024-12-19 13:47:50
4dbba1e6-b84b-4dfc-a69f-7923d5b23c18,Sulfahmil Fahmil,2,mantap,5,2024-12-19 13:47:31
fa71185c-3eba-4509-9f39-fcfa27b01ee1,Satrio Hartono11,2,baik,4,2024-12-19 13:46:27
3762d199-ae4c-4a6f-a5f3-4c8d21104f6a,Iqbal Yukasih,1,"Samedaynya tokped parah, sudah mahal dikirimnya tidak hari itu juga, padahal sudah co sebelum jam yang di tentukan",2,2024-12-19 13:43:27
2782843e-aee5-4e02-9f7e-2439029f4e20,Pudin Saepudin,2,Moga saja memuaskan untuk kedepannya... 👍🙏,5,2024-12-19 13:41:20
89947ea1-556a-40d6-a32b-617cf994d52f,Reng Pecinan,1,"Pengiriman paling lelet ,mending balik lagi ke toko sebelah lebih cepat oren",1,2024-12-19 13:40:57
1cb6f6e7-9764-485c-b9a5-a30968a7d378,Abu Rizal Bakri,1,"Mending ke SHOPEE saja woy, gua minta banding lebih dukung penjual nya kocak.. padahal mah harga tidak seberapa",1,2024-12-19 13:38:26
30fe1368-3b29-46b7-8515-f118e04f3ee5,syafiih Fei,2,"Aplikasi sangat membantu untuk menunjang bisnis kami, terima kasih",5,2024-12-19 13:25:56
bd7943fd-7bca-4b85-be26-ce1dcc06d17c,Andri Irfan,2,mudah dan aman,5,2024-12-19 13:20:50
52bbe24f-7afc-45c8-8975-dd0bfbef54ef,Deden 1308,2,sangat murah,5,2024-12-19 13:12:40
f0606082-558e-40d9-b471-c88ca0e78949,Badrus samsi Samsi,2,semakin mudah,5,2024-12-19 13:06:44
b5a17a1f-ad4f-43ed-9fb4-a3ecd370d9b4,Om Otomotiv,2,baik,5,2024-12-19 13:02:01
0f324263-5e9e-406f-986a-7b1aaa63280c,Adi Rambe,2,Memudahkan berbelanja menggunakan Gopay later.,5,2024-12-19 12:40:40
e35edb07-6560-4690-b2b1-5031d77508c5,Memek Janda,1,Lebih baik hapus aplikasi tokopedia. Yang hanya merugikan custumer. Custumer pilih2 hanya cina yang bisa menggunakan playa later. Tapi pribumi tidak di sarankan. Ngapain pakai aplikasi tokopedia lagi. Saking bangga nya kerja sama dengan go patner yang cuma mau merugikan. Ambil tuh saldo gopay saya sama limit saya. Ga kan pernah tuk seumur hidup saya belanja di online shop termhal . Apa lagi kalau kredir. Ngambil nya untung nya sangat besar. Karna kerja sama dengan gojek.,1,2024-12-19 12:40:18
cb899111-07f7-4940-8478-05655e9675c4,Raihan,1,sudah co tiba tiba dibatalin sistem mana tidak bisa di refund semuanya,1,2024-12-19 12:37:22
72faf49c-9ba6-4bff-8446-0abc6c6689f2,Boyy Jamaludin,2,mantapp,5,2024-12-19 12:32:59
9a877200-6e90-41d6-8a33-2f7de5256b2b,Jesse Kim,2,"Mengapa app makin berat, scroll app makin tidak nyaman",5,2024-12-19 12:25:42
0b98da88-71de-4e8b-901f-29e0b70655d5,Alwi i,1,Promo cuma slogan ongkir mahal pengiriman lelet,1,2024-12-19 12:22:56
6c2de05c-1314-4189-9e80-c7541728bebe,Deni Faisal,1,"Banyak vc promo tapi endingnya pada banyak yang di batalkan sistem . Kalo ndak barang sudah di kirim tiba² di retur oleh pihak pengiriman, saling lempar kesalahan antara pihak seller ( official lg) dengan pihak pengiriman. Kocak kocak wkwkwkwk, perbaiki lagi lah sistem nya woy",1,2024-12-19 12:20:55
9bed4b60-cca1-4bc5-9ac0-dc8d7fe4dc55,Ricko Tafa Kurniansyah-SIJA2,1,Hama,5,2024-12-19 12:16:19
6be232d6-c8d0-41ca-ac8c-53ee40e62f0b,Siti Oppo,1,semoga sesuai dengan keinginan kita,5,2024-12-19 12:02:43
9978415b-ff59-438b-8ec9-ea6a279d21ba,Sius. De. L,1,Makin kesini makin parah pelayanannya.. asal batalkan transaksi orang tanpa bisa menjelaskan.. sudah transaksi pakai cc bri toped ..udah dipotong cc nya ..eh transaksi dibatalkan tanpa CS nya bisa menjelaskan.. kejadian ini tidak cuman sekali...beli kabel charger cuman 100rb.. tanpa penjelasan dibatalkan juga... Klo tidak boleh dibeli mending tutup aja..jadi portal berita saja atau portal cari jodoh,1,2024-12-19 11:56:04
2d1360cc-6b39-48d5-9324-892cac357e6d,titi windiyanti,0,ok,5,2024-12-19 11:47:16
58fb0809-1a94-4a87-80bc-e651e618c0a5,Uswatun Faris,1,pengiriman lama sekli,1,2024-12-19 11:40:20
69d70dc6-1965-4c71-9127-62a900587800,Rudi Adam,2,mantap,1,2024-12-19 11:31:38
d10d7c6b-1918-48a4-bb65-077ceaeb45cf,fery keren,2,Timea,5,2024-12-19 10:38:51
1ca2a08b-cfde-44af-a0e4-87981619e02e,the itam,1,"Jangan terlalu sering di update, buat kesel saja ini aplikasi.",1,2024-12-19 10:36:02
3aa10efd-d9db-45de-bb9d-84c1232dce7b,Abdul,2,ok trimaksiih..,5,2024-12-19 10:12:33
bdcc56f9-f366-4d22-9635-9b9178956a78,Jeje Ahmad Tojiri,2,ok juga,5,2024-12-19 10:04:36
5f2d52d4-e531-4635-b9a6-64f7f0a9e625,Aurelius Steven,1,"Saldo refund tidak masuk"",padahal di ketentuan masuk di hari yang sama.gajelas ini apk.hubungi cs tokped care jawabannya itu"" aja.disuruh tunggu h+1 +24jam..lah busettt..di s&k untuk metode pembayaran melalui gerai retail itu ""KATANYA"" proses refund langsung(real time).lah ini disuruh nunggu.aplikasi sama CS tkp sama"" idiot",1,2024-12-19 10:03:52
94820e4a-dd97-4b48-9d50-e64a28c51ae6,Sabar Tawakal,0,ok,5,2024-12-19 09:54:31
735382c7-f488-42d3-9e1a-0d5a53b3282f,Wiwi Winarti,1,Kenapa sih Tokopedia buat kecewa Mulu .... Ganti expedisi coba ......,3,2024-12-19 09:26:14
b3a30712-df35-445a-b2a5-11e456f3f0a7,Ria Oktaviani,1,"Asli buruk sekali tokopedia saat ini. Sangat mengecewakan. Sy order hari jumat, tapi sampai hari rabu belum dikirim dan tokped diam saja, tidak ada pnyelesaian apa²",1,2024-12-19 09:07:10
3cba72a9-f288-418b-93d1-a57ea7b9ff99,Yuni Arti,2,Tokopedia sangat membantu banyak promo 👍👍👍👍,5,2024-12-19 09:04:49
6eef3045-665f-49cf-b73e-0a11b660fcf8,Live ong,1,"emang paling bener jangan belanja di tokopedia, tidak jelas cs slow respon bagian komplain di cuekin, voucher belanja sudah di claim tidak masuk juga , JANGAN MAU BELANJA DI TOKPED NYESEL sumpah buat darah tinggi, ngasih voucher seperti yang tidak iklhas bnyak yang di cancle juga transaksi orang lain, MENDING BANGKRUT AJA TOKOPEDIA",1,2024-12-19 09:02:27
c593715e-7624-4e6d-b1d5-0bf0f242a8df,Didik Sukaryono,2,membantu dan menjadi mudah,5,2024-12-19 08:53:45
a2a5650f-ac12-437e-8a65-d527d9b9f7bc,Ihsan Pristiono,1,Status member jadi ilang ya? Jadi tidak bisa kontrol lgi brp total belanja tahunan.,1,2024-12-19 08:53:27
1b28c57b-5595-4154-9b6c-bec969170079,Rofiq Anyar,1,Pemesanan barang tidak di kirim.. tidak ada kebijakan apapun setelah tranfer pembayaran lunas tapi proses di batalkan.. sebagai pembeli saya sangat kecewa,1,2024-12-19 08:51:54
eb1b911a-a1a1-4f01-bcf7-767627a02d0f,MOCH IRSYAD,2,"Aplikasi ini tuh diskonya ngagetin orang tidak ada hujan tiba"" ada diskon besar wow",5,2024-12-19 08:37:15
dc18734d-1057-4d97-8a3d-10823801879d,Egi Egi,1,"Di sini tidak seperti aplikasi yang lain, KLO ada kalau ada geratis ongkir atu promo, toko ya tidak ada yang mau ngelayanin atu sengaja tidak di kirim2 barang ya",1,2024-12-19 08:30:32
99551242-f8e3-421e-a1d9-bb0df6b145a2,NUR SAHID,1,Kupon bebas ongkir banyak tapi kok tidak bisa dipakai ?,1,2024-12-19 08:25:14
16baa57f-55db-4eec-b7b2-a0f4a287e81c,isma bayhaqi,1,"Sengaja bayar ongkir lebih untuk bisa same day or besok dateng tapi 3 hari baru ditangan, capek kena scam bayar ongkir lebih mulu",1,2024-12-19 08:16:44
8f34fd5d-3a29-4145-a80e-faa4dfd9d768,victory pradhana,2,sangat memuaskan memakai aplikasi Tokopedia,5,2024-12-19 08:14:51
eed574d0-2fb9-49f7-a235-c6a3e908c712,NOOR ADI WIBOWO,1,minta up date tapi gagal terus up date nya,5,2024-12-19 07:55:52
903b68cd-3ac9-4458-a07e-7ab9a6bf2cfe,Ridwan Hd,2,mudah,5,2024-12-19 07:51:59
60df209f-97f7-46bb-aaa8-d5ed1fe3e10f,Annisa,1,ni HP kalau lama' jedag jedug sendiri,2,2024-12-19 07:38:42
c9535b2f-a2de-4f5b-8437-1a462471d38e,Wahyu Saputra,1,UI sudah bagus semua mantap. hanya ada satu kekurangan yaitu semakin lama scroll tokped di hp kentangku ini makin ngelag,3,2024-12-19 07:32:19
fcd53527-18da-4867-abba-adb66117d1bd,Herry Subkhan,2,mantap pokoknya,5,2024-12-19 07:29:43
45cb213a-1379-4923-b7e0-449ef47136c6,Muhammad safei Abdullah sidik,1,Semenjak ada kurir rekomendasi pengiriman jadi super lambat karena di oper oper semoga saja ada kebijakannya min,3,2024-12-19 07:22:00
d26b280b-66ae-4e2c-926a-7947789d2dcc,Hikam Hanjaya,1,Toko tidak kompeten,2,2024-12-19 07:14:50
0277f7a2-9a4e-4a33-ac64-0dffff359c0c,Budi Setiadi,2,good,5,2024-12-19 07:02:09
eb4e7bbb-46a9-408e-b77f-5329700b7f0c,Tiaraaa Widyaa,1,"Sanagt disayangkan s&k nya gmna kalau orang tersbut bukan dari daerah tersebut kan sangat mnyusahkan kurir kalau harus mencarinya,,nama penerima tidak bisa sama padahal akun sama hp beda semua sbagi penguna tokped sangat kecewa dengan s&k nya",2,2024-12-19 06:58:50
7a81f723-f94a-4451-b7f9-fa3115288828,TRI Wahyuni,2,memuaskan,5,2024-12-19 06:58:15
cfa30f3a-e0c3-4e36-b430-588eec90dce3,Warni,2,belanja disni amanah sekali,5,2024-12-19 06:53:34
629144a9-61c9-458a-992c-fe8ef427f66e,Windi Ustari,1,setiap belanja kalau pakai voucher pasti dibatalkan sistem😂 mana uangnya lama sekali baliknya plus kepotong biaya admin lagi 😂😂,1,2024-12-19 06:53:16
dde9e411-e773-4346-85b4-ea017485b60b,widwi yanto,1,Saya pengguna baru...niat pingin blanja tapi susah dapat gratis ongkirnya ..mau beli barang tapi ongkirnya lebih mahal dari barangnya ..,5,2024-12-19 06:38:24
351fd528-2b5d-4611-85b9-fc3e1bfbfdd3,erwin 390,1,"Setelah update lemottt sekali lebih lemot dari toko orange , lebih bagus yang dulu aplikasi nya , dan yang sekarang setelah hapus whitelist/ favorit barang balik lagi ke awal atas jadi pegel schroll keatasnya , chat dari seller tidak bisa dihapus jadi bala ,balikin lagi aplikasi nya ke yang dulu",2,2024-12-19 06:35:05
c0f92369-2162-4d70-97ec-b9f91c98a013,risky Wahyu,1,bagus,5,2024-12-19 06:25:34
2024b8e9-a1b1-492c-aead-8af4d47b6766,Dafiq Gaming,1,lama sekali pengirimannya.sumpah ini sudah hari ke 4 tapi belum sampe. aneh,1,2024-12-19 05:57:11
b4a9f395-2c67-4662-9828-8d724234ef8a,pandu wirayudha,1,"Agak menyebalkan tiap bulan di suruh Update mulu, kupikir ada fitur terbaru tidak taunya sama aja. Heran",5,2024-12-19 05:54:10
356ecdd6-4605-4f20-b14b-1ec15208d0e0,Muhammad Yusuf Hadiansyah,1,"Masalah pengembalian dana, investigasi maksimal tidak sesuai, melebihi tengat waktu dan respon lambat",1,2024-12-19 05:44:41
7c541991-a9dc-4ca6-a521-922e41ac71d9,D.A.,1,"Saya member tokopedia sejak 2012, tapi sekarang kecewa dengan tokopedia karena aplikasi ini lebih membela penjual, daripada hak perlindungan konsumen. Barang beli 2 dikirim satu ketika dikomplain tidak diterima. Lebih baik pakai aplikasi lain banyak promonya.",1,2024-12-19 05:42:43
dfe29a62-cc21-4bbf-aa11-0bcb2be0229f,gatear zerg,1,Bolak balek pesanan dibatalkan 🤮🤮,1,2024-12-19 05:41:28
f130fe32-fe66-4cfc-9dfc-96bbd318485a,Amal Fuad,2,bagus,5,2024-12-19 05:32:32
ff2589aa-962c-4d86-a9eb-5251f5b2c22e,Gas Kan,1,"Akun baru di hp yang belum pernah instal tokopedia, tapi tidak prnah dapat promo",2,2024-12-19 05:32:16
0d418b83-564d-4a5a-ab50-1728041f8c97,Dadang Suryana,1,Mohon di permudah untuk aplikasi ini,5,2024-12-19 05:11:47
fdfc95ae-58b0-49ff-a716-bdee8fd2b322,Sahrus Salis,1,"setiap buka minta update, gimana ini, mau jualan atau apa ya",1,2024-12-19 05:04:11
e16a0106-6b25-4773-ab5b-181d2db5e043,Ayu Wandira,1,"DI MOHON DENGAN SANGAT UNTUK TOKOPEDIA AGAR TIDAK SELALU MENAMPILKAN IKLAN TOKOPEDIA SETIAP SAYA BUKA HP, KARNA ITU MENGGANGGU SEKALI",1,2024-12-19 04:39:22
49a69fe2-ebdd-4d5a-bdcc-8e5c268e1084,Kristi Hidayah,1,"Makin lama makin tidak jelas ya, beberapa kali co pakai promo, selalu di batalin sistem, giliran lapor cs cuma muter2 doang jawabannya",1,2024-12-19 04:28:07
6e9cb76e-0a4f-410a-a2ee-cc3df056c9d9,Ayu indah Lestari,1,"Udah kecewa sih jangan percaya deh beli saldo kartu elektronik di Tokopedia, nyoba beli sedikit sampai 3x tidak ada yang masuk tapi di sistem berhasil, sampai temen saya pun begitu... Minta pengembalian dana sampai chat Tokopedia care yang di balikin transaksi pertama doang... Yg lainnya minta di balikin sampai seminggu tidak ada kejelasan... Udah promo ya makin tidak ada... belanja di Tokopedia pengguna lama sering belanja kebutuhan disini.. tapi makin kesini bad bgt... Mending pindah ke e-commerce Laen.. byee",2,2024-12-19 04:22:47
bdba17e0-2029-40a5-bbab-74d67bf238dd,Heni Tanti,1,Kenapa tidak bisa di perbarui,4,2024-12-19 04:15:40
f11f1942-980b-4aec-92d1-5a6105360970,Arsya Kayla,2,cepat GK ribet good job,5,2024-12-19 03:58:56
f4c31800-d2f9-4270-82ac-c7bcfc2486c7,Ahmad Azka,2,saya suka pakai Tokopedia,5,2024-12-19 03:48:28
7cd3f193-5d26-48a9-a86c-351b0cef0e09,arjuna juna,2,mantap,5,2024-12-19 02:46:00
a8a78de2-9ef9-42ee-a78a-e9adf5fe404f,GT gaming,2,Tolong tokopedia kenapa saldo dana saya di potong saya tidak pernah beli di tokopedia,1,2024-12-19 02:03:46
1c2f5c84-63eb-49dc-9377-c99e98cb81dc,bocah Rantau Wong ndeso,1,apk tloll bntr lgi mau bngkrut nih.,1,2024-12-19 01:32:31
08b2391d-80c4-4939-b7fc-f473f7edee23,solagracia sahertian,1,"Kemarahan terhadap Tokopedia. Invest emas lama dibuka kembali, dan ternyata Tokopedia sudah tidak menyediakan layanan jual beli emas. Kemudian harganya juga sangat jatuh. Tidak berniat untuk proses pencairan. Hanya emosi melihat ketidak seriusan Tokopedia dan membantu pengguna. Sayang sekali",1,2024-12-19 01:31:22
318eef9e-066e-48a1-8fff-78f8a9688064,Richard,1,Gajelas iklannya,1,2024-12-19 01:24:33
2137e706-a30a-46f9-91bc-af54a057fc3d,Bayu Ferdianto,2,bagus aplikasinya,5,2024-12-19 01:10:18
3cb31125-3dd4-4728-94a1-67a50aa78019,Fathir Azis,2,"pelayanan yang bagus, dan sangat ramah sekali",5,2024-12-19 01:05:50
4910daa5-a0b2-40f6-a42a-392c35b98c50,Piyan Silvi,2,good,5,2024-12-19 00:47:04
ee0c3b37-198b-4597-9103-769b9c476870,Kris Media,0,Mohon kedepannya setelah di perbarui Supaya untuk pembatalan produk di permudah dan di percepat jangan tunggu ijin dulu dari seller nya lama,3,2024-12-19 00:43:51
c5c6fdae-8c25-4616-a564-794d2a0121e9,Widodo Berijawaban,2,luar biasa,5,2024-12-19 00:33:37
ced754c6-5b4b-48e7-9ff4-bbe72172f1ab,Ibnu Jamilo,1,"Ngasih vocer di pakai malah akun jadi sakitt, tidak jelas!!!",1,2024-12-19 00:22:10
2f7baab0-d95c-41e4-af9a-e66943ebd913,Muhammad,1,"Tokopedia care (Customer service) nya sekarang bot semua tidak ada manusia, di X juga tidak ditanggepin, di aplikasi Tokopedia CS nya bot otomatis juga, bukannya tingkatin pelayanan malah nurunin pelayanan, aneh. Normalisasi beli apapun itu sekarang di Shopee saja gaes, mari kita tinggalkan Tokopedia.",3,2024-12-19 00:22:06
ff39f6ab-2b6f-42df-8c38-4ab8af6696e5,Feri andika,1,Tagihan paylaterr tidak pernah telat bayar tapi tiba tiba gopaylater saya diblokir. Aneh,1,2024-12-19 00:18:49
174e33df-dc36-43f3-a15c-23086511cbb3,wahyu utomo,2,memudahkan orang berbelanja,5,2024-12-19 00:06:08
39442d83-7658-421f-911f-3122a73bc6a9,Heri Ahmadhudori,2,keren...,5,2024-12-18 23:59:56
edc4b47b-6369-4e82-8726-ae9414d8d409,Muamar Adavi,2,blanja di tokopedia memang paling ok.e,5,2024-12-18 23:55:20
b6432159-ed6c-49e6-99c0-5b5c17dd4d72,Abd Rohim,2,cepat sekali,5,2024-12-18 23:54:38
673ec6ea-db04-4e3c-ab39-ceb4e40d49de,Jachid Ascetic145,2,"Tokopedia memang andalan spesifik dan teruji kepada para penjualnya,dengan hrg dan barang yang cukup lumayan berkwalitas,mencari barang apapun semua ada di tokopedia.",5,2024-12-18 23:46:27
56e755c2-aa09-4d7b-aca2-461058f6c2f5,steven rudy,1,"Aplikasi rusak sadar tidak selama ini?? bbrp fitur lama tidak berfungsi, kebanyakan update jadi makin parah..",1,2024-12-18 23:24:25
5c3716ec-87b1-4539-a85b-b324c9003447,Muhammad Amin,2,bagus,5,2024-12-18 23:20:34
e81c84cc-62ed-4b90-9d3f-d44f898d952b,Hendra Hari wibowo,2,sangat membantu,5,2024-12-18 23:20:17
2b749f65-acbd-4848-b556-346b7d7a605e,Aditya Putra Putra,1,"Terlalu sering update aplikasi, saaat",1,2024-12-18 23:10:03
9480ea81-6f03-4bae-b853-f6e718e3796a,dezz (sukiliar),0,"kenapa ya ketika saya mau buat pin selalu tidak valid, padahal tidak mudah ketebak?😔👊",4,2024-12-18 22:43:48
d0e0e231-2ee3-4f08-a01a-84aae5dace8c,Ummu Rafiq,1,Belanja di Marketplace ini pengiriman nya selalu lambat bener2 lambat... Update pengiriman juga Tolong diperbaiki apa yang membuat lambatnya pengiriman Semoga kedepannya bisa lebih baik,1,2024-12-18 22:39:11
9c13b155-23d1-41fd-bb6b-330eb073a072,Mfareezy _17,1,"Tampilan nya sangat membosankan, mau CO juga ribet COD nya mahal bet njirr, harus bayar dulu kalau ma murah 😑",2,2024-12-18 22:21:47
d220d89b-288a-4fef-8411-9ac97bc4e8c4,Aldo Wae,1,Banyak masalah kurir yang antar barang dari tokopedia. Penjual dan tokopedianya nggak mau tanggung jawab. dan itu selalu berulang. Mrk seolah olah nggak mau peduli dengan masalah konsumen!!.,2,2024-12-18 22:16:37
0c01ecbc-e9bf-435e-ab5c-2fa05da38f9e,Dwi Prihanto,1,"terlalu banyak biaya², padahal seller² sudah banyak yang menjual lebih murah supaya laris. tetapi dari tokopedia, malah membebankan biaya² untuk seller dan buyer. belum lagi biaya isi ulang saldo gopay 1000 dan biaya belanja 1000 per transaksi. mungkin ini saatnya tokopedia panen raya. sekarang pun toped dikit² minta update, kalau tidak dituruti, tidak bisa dibuka. hadeh",1,2024-12-18 22:13:27
06d88703-9fb3-4a3b-b677-d84291f3e548,Asep Setiawan,0,Ok,5,2024-12-18 22:10:54
17ce69e1-a66e-4245-aad4-54e1267efa18,dumdummy dummydum,1,"PM dari akhir november, tiba2 baru masuk di bulan desember pertengahan.. inbox juga ada notif tapi PMnya tidak ada sama sekali waktu di cek.. buset dah update an yang baru ini",2,2024-12-18 22:05:49
b781056c-a4f1-4380-9f5c-134e0de9515e,Prayogi sembiring,2,mantul,5,2024-12-18 22:03:34
f4cde9ff-bb45-4921-9ceb-064823865c7f,Denny Den Gagas,2,good good good,5,2024-12-18 22:03:19
9e5c521a-a7fe-4b8b-8f02-59e5420de702,Akmaloka Raya,2,Aplikasi nya bagus wajib Download deh 😊😉😋,5,2024-12-18 22:00:03
894af8bc-b07b-409a-bffb-158a23287f35,nurr ichsanz,1,Lokal pret,1,2024-12-18 21:53:25
9a762da1-352e-4856-9ba1-1dc302747c55,Genisyaptri02,1,BISA GA SI KALO LAGI DI APK CAPCUT GA USAH MUNCUL MULU IKLAN LO RISIH GUA SINTING!!!;,1,2024-12-18 21:53:07
6a63dbad-dc74-4f30-abfe-7e52c816735a,Iwan _,1,"sebelum pakai oren sudah Pakai tokped lama, coba download lagi dan order malah makin parah , sudah harga mahal, ongkir mahal, pengiriman sangat lama tunggu 2 minggu baru sampai, beda dengan si oren, 3 - 4 hari sudah sampai padahal gratis ongkir juga, maaf bukan banding2kan tapi memang faktanya seperti itu, tidak bisa ini kalau buat bisnis belanja disini customernya kabur kelamaan tunggu",1,2024-12-18 21:49:34
f58b01a4-ccc3-433b-a8e5-12f81ef3ed21,bisri hsn,2,mantap,5,2024-12-18 21:31:46
51abfd6b-bd34-4c80-b6fc-1724b655c073,DE&GA_TL,0,"3 bintang dulu,, kalau sudah d terima barangny baru tidak kasih 5bintang Cok.",3,2024-12-18 21:15:28
48abbbe7-afd6-4d3c-96e9-2eb9ea694cbe,Carya,1,"dikurangi Bintangnya jadi ampat⭐⭐⭐, Aplikasi sepertinya diwajibkan di update sedangkan memori HP saya sudah penuh jadi tidak bisa update disarankan hapus aplikasi lainnya, aplikasi mana yang harus saya hapus perlu semua, ujung ujung tidak jadi di update, sehingga saya tidak bisa belanja lagi. seharus pihak aplikasi Tokopedia memberikan dua opsi mau di update atau lain kali di updatenya, sehingga customer masih tetap bisa berbelanja, mhn ditanggapi usulan sy.",3,2024-12-18 21:13:18
56992a7e-8aa2-458e-8b6a-d8482673b37e,Nuryadin Helizar,1,"pembelian barang sangattttttt lama sampai,pantasan semua orang lebih memilih yang lain.",1,2024-12-18 21:11:30
e47baf03-d55a-4afc-961b-89b510937ff2,arnoq Nano,1,"Munkin saya akan hapus, karena verifikasinya susah, tidak bisa daftar maupu masuk akun lama,",1,2024-12-18 21:10:15
67e69ac9-6452-4486-b017-4f5918e74c01,Fd Cell,2,Untu pengembangan. Dan bebas ongkir jugak terjangkau...!,5,2024-12-18 21:08:44
bedb840a-61ea-41ae-b87c-f41669d45237,Tini Tini,2,Mudahan,4,2024-12-18 20:55:56
605dfe4e-c5ec-489f-adb9-f8288cf4f28c,Philindo Penalosa,2,"oke, siip",5,2024-12-18 20:44:40
72ab7f3c-c48e-4254-be6a-00a17cba9d00,Muh Adlatt,2,"Mksii smuanya, apk nya bgus bnget bnyak voucher murah di jamin tidak lama pesannya dtng",5,2024-12-18 20:43:25
79fad2f3-8a4d-4bd1-9766-ba7731086fe2,zoel Mukhtar,2,ok,5,2024-12-18 20:40:56
8ca58a9b-badb-4fe0-8107-4b012baf3234,Wiwin Ajah,2,mntulll sekali,5,2024-12-18 20:39:16
e4a2815b-20fe-42f1-be3c-d77f7136f2ba,Mukring H,2,Ride home,5,2024-12-18 20:38:50
079ad90a-82a9-4f72-a95f-122f0fa3e56b,Chan -X,1,"Customer Service Tokopedia kelakuannya biadab,.",2,2024-12-18 20:36:31
a2ad75c1-a05d-4cf2-826b-893b9a466ac2,Amal Setoaji,2,Ok,4,2024-12-18 20:33:37
040383da-0995-4ff6-9b36-d0902cc6f50e,Zainul Arifin,1,agak susah,4,2024-12-18 20:32:55
b0551ad2-02db-423f-a993-fed0c55cd2b3,doni ade,2,bagus,5,2024-12-18 20:32:41
06ca2626-94bc-490f-aece-7173f82c13d7,Asep Jamil,2,terima kasih sudah memudahkan,5,2024-12-18 20:26:48
cbec6c4f-2a95-499f-9295-3e81ceadfbb1,0.2 Jayan,1,tidak ada notifikasi malah nongol teros di chat,1,2024-12-18 20:25:38
9b4ea051-d768-4e33-b4b4-0484a72dec94,sri rahayu,2,dulu tidak bisa pakai sekarang malah ketagihn beli karena murah gilaa,5,2024-12-18 20:23:48
9029130e-0b31-42f7-a171-4ec88d7058fa,Haryanto,1,tokopedia lama2 seperti shopee Untuk toko2 prodak tembakau di tutup semua,1,2024-12-18 20:20:48
d4fcfad8-d461-492b-96df-e2824132fe79,ahmad firdaus,2,TOP BGT,5,2024-12-18 20:20:28
0fce3571-77c6-4763-94f3-c039ad4b4595,Sri Handayani,2,good,5,2024-12-18 20:18:30
01c53e45-3e5c-44f6-9f76-4c82da870b7f,Wawan Darmawan,1,"Pengirimannya jasi tidak jelas, knp yang dah bagus seperti kmren pakai dirubah"" tidak jelas . Payah bukan makin bagus malah makin jelek.",1,2024-12-18 20:06:03
5c2dbfbc-4afe-40d3-815b-271af7cd08ea,Natania Azalia,1,"Menurutku sih fiturnya 'Tokopedia plus' tidak berguna ya, diskonnya sama seperti akun biasa tanpa langganan plus. Chat Tokopedia care juga cuma muter muter, disuruh lampirin alamat lah disuruh screenshot tokonya lah tidak guna, endingnya tidak dapat diskon. Yah, mending pengguna akun biasa tanpa langganan plus berbayar. Sudah berbayar tapi fiturnya seperti akun non berbayar",1,2024-12-18 19:52:24
59dfc4aa-93cc-42cb-9193-7512ec0a0a47,jaka kelana,2,jos gandoss,5,2024-12-18 19:46:14
612238bc-cb3d-4865-927c-2df13f607e9a,Sabit hanan,1,Sering sekali dikasih diskon tapi cuma php,1,2024-12-18 19:30:33
8cfa5074-7958-4d6a-9981-341a72479a42,Yashinta Dewi,1,Buat retur doang 9 hari belum diputuskan. Dikira kurang kerjaan bgt. Buang waktu tidak seperti si oren lebih enak returnya kalau emg tidak sesuai.,1,2024-12-18 19:30:08
40ee6082-4bd6-4e9b-b7e8-2073c33e1670,Firly Cantik,2,Baguss,5,2024-12-18 19:28:40
b19151ee-8184-443a-8554-5b3ccfce2aaf,バツドラックス,1,Banyak iklan,1,2024-12-18 19:25:19
aed50d12-7e7d-4952-b0c3-d55dc565cdd7,Batik Madrid,1,Knp klw saya memberi ulasan ke penjual susah memberi ulasan dan tidak bisa sama skli pdahal hal fositip,3,2024-12-18 19:13:09
5e632d20-32b3-4115-9847-331b80ed5ebc,Adit Fajar,1,Sering ngelek tolong di perbaikin,1,2024-12-18 19:13:09
2874c90c-b606-415b-9bae-bd2c313ca61a,hamid virgo,2,mantap dan puas,5,2024-12-18 19:03:09
3af08898-2f85-4a0f-92fe-b2ff4c7d3554,aan sobari,1,Kenapa sekarang aplikasi minta update terus....?setelah di update tetap saja minta update...?,1,2024-12-18 18:53:53
ccdfdd7f-5a8f-4e01-893a-98a395b54db1,Dais Coy,2,Keren dan sangat memuaskan,4,2024-12-18 18:51:06
8e7fcbc5-99ba-4aba-a520-e0c46e24cd6b,Khaerul Fikri,1,"GK bisa kasih bintang 1 ke toko official pdahal barangnya jelek, alesannya koneksi terganggu padahal lancar aj. Sklaina aj d bintang 1 ini apps",1,2024-12-18 18:49:38
d2653268-c9ce-4016-b414-3ff1150d09d7,Mas Bay,1,Aneh ngasih ulasan di tokped gabisa terus alesannya tidak ada koneksi padahal sinyal lancar 😐,3,2024-12-18 18:49:22
82277de2-f4cc-4b40-8c36-d605f0d9c653,Bais Alzein,2,Bagus saya suka,5,2024-12-18 18:41:24
3936369d-ba21-42ce-a778-ef8ee62786d4,Andri Yanto,2,Top,5,2024-12-18 18:38:43
ba185486-2e8b-4efd-a749-1c66c080c6cd,Khaludi Liansyah,1,"Apk error semua, tokopedia sama tokopedia seller pun error",1,2024-12-18 18:34:43
5e8a4bc4-8451-4cb5-bde7-537f405a983f,Rian Priambodo,1,"Sumpah tidak paham sudah dapat diskon sudah ke cekout sudah bayar masa tiba"" Di batal in mana saldo tidak kembali pengalaman terburuk sih biyasanya tidak gini tapi ini sudah ke 3 kalinya parah sekali",1,2024-12-18 18:34:00
e12f0606-984d-4f61-abe9-97b3e5430509,Senopati Cicadas,2,puas harga terjangkau,5,2024-12-18 18:31:30
9ea09dfa-fc4c-45f7-8d3f-a8d30469703b,catatan QAILA,2,👍,5,2024-12-18 18:31:04
342c9f8e-58b8-4406-9aa0-419e16295d74,ad_syng dika,0,"Aplikasi sudah bagus, pelayanan juga bagus. cuma saran saya hapus pengiriman via JNE sama id express lambat sekali melebihi estimasi",2,2024-12-18 18:15:01
c4f17b6c-e54b-495c-966f-96c4893ce54e,Ini Saya,1,Apaan saya penggunaan baru tidak dapat gratis ongkir tidak bisa gratis ongkir ya buat apa kalau harga murah ongkir tetap mahal heduhh,2,2024-12-18 18:12:06
075898e4-0410-431b-bde2-7ac05ede0923,fardyan 1111,1,Jmbt lah sameday kok sampai 2 Minggu tidak bisa baca atau buta ya sameday artinya hariyang sama bego lolot sudah biaya mahal tidak sampai sampai lolot tidak rekomen deh beli di tokped,1,2024-12-18 18:02:15
dbb953b5-9c6a-4e4e-b145-54dd6e13e3e7,Yesi Yulianti,1,"Saya jujur sangat kecewa dengan pihak tokopedia dalam menyelesaikan masalah yang ada pada sistem jual beli, proses penyelesaian masalah nya terhitung memakan waktu yang panjang di banding platfom lain. Saya harap kedepan nya, bisa lebih cepat tanggap dan efisien dalam penyelesaian masalah.",3,2024-12-18 17:48:40
3fda2bd9-db0b-45a4-b600-efa7e0901e63,Fita AR,1,"halo , ini kenapa saya gabisa kasih penilaian produk ya ? padahal saya sudah ganti hp ,saya kira hp saya yang lama yang gabisa buat kasih penilaian ternyata dari aplikasinya .. sudah numpuk banyak yang gabisa dikasih penilaian ganggu sekali liatnya , mohon diperbaiki sistem nya ya terima kasih",4,2024-12-18 17:48:36
6cb56db6-b7d8-40de-af75-57ed4570e8c1,Andre Setiawan,1,"Tolong lah tokopedia supaya proses pengirimannya agak cepat, masa sudah 3 hari pesanan tidak dikirim kirim masih saja diproses, supaya lebih tegas lagi sama penjualnya",5,2024-12-18 17:46:01
af873f6d-deb1-455b-b4cc-42ad9af433ca,Wiwin Royani,2,"untuk pengguna awal ,saya suka murah """,4,2024-12-18 17:28:52
bbac3d18-b754-4f4c-ac32-d85a5b75b64a,Fikri Lazuardi,2,bagus sekali membatu sekali,5,2024-12-18 17:23:51
e00c0c10-421e-4844-8768-6254753a86ea,Budi Heru Santoso,2,Good,5,2024-12-18 17:10:51
65013639-cec9-4f48-8bfc-b2fde01e567c,Bek Firman,2,mantap,5,2024-12-18 17:05:37
ab2cb187-1cfb-4774-93af-4be3ac2fcb98,Fiens lure,1,"Entah knp pengiriman dari tokpedia lama sekali, sampai sekarang 1 minggu lebih tidak ada yang datang barang2 gw, gw jadi kesel mau ngasih bintang 1 ini kemana ? Ke jasa kirim tapi pengiriman barang dtoko oren sblh tidak sampai 1 minggu dari jkt paling lama 6 hari , tapi setalh liat review rata2 ngeluh pengiriman lama ntah dari tokped atau sellernya , pesan hari ini baru lusa dikirim itupun malamnya baru ke input , beda sama sblh yang gercep pesan hari langsung dikirim.",1,2024-12-18 17:05:03
cfd74dcb-c4dc-4cee-98a3-673e2d49af8c,Karunia Rizal,2,Terima Kasih,4,2024-12-18 17:04:58
2370bf41-1645-4b1a-b9c0-d046b1954823,CV. MUSTIKA BANTEN MANDIRI,2,bagus,4,2024-12-18 17:03:43
9a9d770e-a1fb-4c3e-a6cb-93c9105e6b2f,Wildan Zaki,1,Pemilihan kurirnya tidak sesuai padahal satu kota dari toko malah 3 hari ini belum sampai not rekomen,1,2024-12-18 16:31:47
d8aa4255-7524-4c31-a909-f6983d7da9d5,syahlan firdaus,1,"Untuk peng update Tan nya mengecewakan butuh bnyk ruang..hrs ngapus yang lain"" dl..",1,2024-12-18 16:23:34
da580185-fcb1-48db-ac12-8f48c0137653,Adrian 33,1,"Apk sampah,dikit2 minta update.beda sekali dengan shoppe yang jarang minta update",1,2024-12-18 16:21:23
12a6174d-2322-45eb-aada-2d869aca7429,Agung Nurdianto,1,pemaksaan update terus,1,2024-12-18 16:15:25
aa5c3009-a9af-4992-92c5-d9cec17709bc,trex mantan,1,"Tulisnya gratis ongkir, tapi pas di checkout kena ongkir 15 ribu. Mending shopee saja owkowo😂",1,2024-12-18 16:13:51
14e533a0-762b-4f11-a373-241a84288b7c,Poniman Ipon,1,"Cukup bagus pelayanannya, terimakasih.",4,2024-12-18 16:13:49
5aa639ee-4331-475c-8d7f-cb1b12fb5670,VanTad,2,banyak banyakin kupon diskon 30k nya 😋😋,5,2024-12-18 16:04:39
07df8a00-a4b4-4bea-a9c0-a7f098b1d42a,Naura Aulia,1,Terlalu ribet sejak pakai pengiriman yang direkomendasikan tokopedia.. paket lama kali datangnya . Aplikasi tokepedia pun ngk ada notif alasan pengiriman tertunda.. ..,1,2024-12-18 15:59:16
011dba47-6632-4754-86df-f78b65d866cb,Prahesti Asf,1,"Yang saya bingungkan ketika memakai aplikasi ini adalah transaksi saya dibatalkan oleh sistem, tanpa alasan yang jelas, padahal saya saat itu memakai voucher diskon yang lumayan sehingga yang saya sayangkan adalah voucher hangus begitu saja karena transaksi dibatalkan. CS juga kurang interaktif trhdp keluhan costumer, Mohon diperbaiki:) Edit: setelah membaca ulasan lain ternyata banyak yang sama, kesel sekali",1,2024-12-18 15:48:37
3b31aa31-3661-4552-90a6-03ce200ba773,Umar Ayyub,2,pelayanan mudah dan sangat membantu,5,2024-12-18 15:48:03
1dc92bf5-3499-4548-bf7e-66b1059c8494,Perintis Perintis,1,"Komplain barang yang tidak sampai, butuh waktu yang lama",1,2024-12-18 15:45:01
dde16970-1ce7-4f2f-ae64-0b73914c9cd8,Ebeh Heni1234,2,amanah,5,2024-12-18 15:44:34
9db78cb6-9038-45f1-819c-c700f99617ec,handphone shop,2,bagus lah,5,2024-12-18 15:28:54
e98b80a4-cca4-440e-bb16-bd069be185f7,Aditya Putra pangestu,1,update trs,1,2024-12-18 15:27:32
31279ab3-b406-4b8d-be28-02e823956335,Agus Purnomo,1,"Minta di upgrede,setelah di upgred berkali kali mala tidak bisa di pakai,selalu muncul pihan...TUTUP atau UPGRADEgimana ya",5,2024-12-18 15:17:49
e2f9aa3b-e40f-473b-a86a-bd408c737665,yudha susano,0,No Komeng lah,1,2024-12-18 15:14:05
693c324f-4123-4206-a3bc-18b4b67f354d,Ma'ruf Ladunni,2,bagus,4,2024-12-18 15:07:57
55f21ecb-2be8-4f68-8d29-4874b101738b,Arkady P L,1,pasword tokopedia w bsa bocor 🤣. harusny toped melindungi nasabahny . pie iki .,1,2024-12-18 15:05:15
26127a08-8c46-4f9d-a722-0ce2aa5d3cb9,Lina Linawati,2,Alhamdulillah mantaf Bosque banyak disc.. terima kasih Tokopedia,5,2024-12-18 15:04:47
26186cec-d73c-40f1-a1d1-f7ce352c4140,Ayu Eka,1,Kebanyakan update malah seperti taiiiiii niaplikasi,1,2024-12-18 14:41:47
2622f079-4cbd-4b60-a782-b462470d3c3d,Dimas Wicaksono,2,pembayaran bisa pakai dana tidak seperti sebelah,5,2024-12-18 14:35:53
71c9e4e1-e4b8-421c-ad22-651a9d9d9f73,Halimatus Sa'diyah,1,"Setelah update, mesti download dll nya dulu... Sudah 15 menit tidak bisa masuk ke halaman pembayaran. Tiap diharuskan/dipaksa update, ada tambahan download bagian lain juga.",1,2024-12-18 14:33:36
07a7fc5d-b9b1-4893-8324-217775c220ea,bg ukil channel (Bg ukil),1,Mohon pihak Tokopedia croscek lagi Mitra kerja sama nya dengan pihak kurir kok bisa 2x lipat lbih lama dengan Shopee klw seperti gini berpengaruh penjualan di tiktok,4,2024-12-18 14:28:29
77ee6db5-1321-4d13-965d-56b49502db9c,Rudi Wili,1,"Pengiriman lama, beda sekali sama toko oren Kalau ada bintang 0 pun saya kasih bintang 0, masak pengiriman 7 hari masih di jakarta tidak gerak sama sekali dan estimasi sudah melebihi yang di tentukan, itupun sudah pakai kurir rekomendasi tokopedia. Gw saranin saja jangan beli di sini karena pengirimannyapun juga lambat banget, belum tahu paket gue sampai atau tidak ini.",1,2024-12-18 14:24:07
c7fd1737-4f3b-49f9-9630-51499537615e,Regie Afrian ismail,2,🥰🫵❤️💞💞💞,5,2024-12-18 14:23:04
efdcc086-fb0d-4990-9c0b-1c38f161415e,Naga Gunawan,2,toko yang serba ada dan murah,5,2024-12-18 14:13:08
a586bbf6-2f03-4ab2-b7c4-4c2f96690bb3,Egii role (Barty crouch junior),1,Terlalu banyak penipu komplain susah,1,2024-12-18 14:06:23
6885f131-83a7-46f1-a4a1-c52494262fa0,Jerry Novianto,2,mangstappppp,5,2024-12-18 14:00:50
1a8e716a-5ff1-43f4-ab5d-3346b4f82e81,Muhammad Salman,1,"Aplikasi pepek, barang sudah di ckout malah di cncel sepihak",1,2024-12-18 13:59:56
7f773837-1730-479e-b0e8-a1a62905cba4,FAL BA,2,Mantap,5,2024-12-18 13:52:33
4626631a-4d3b-496e-973f-603fcc1f3347,Gambar Yo,1,"Min mau tanya,, layanan pengiriman yang cepet pengiriman nya bukan namanya doang ada tidak min..?",3,2024-12-18 13:43:59
9e5d9806-0cca-4fce-ae6c-21d069f22a33,Erik Setiawan,2,"Sangat membantu, memudahkan dan mengubah peradaban cara orang-orang berbelanja barang. Harapannya terus ditingkatkan kualitas aplikasi, pelayanan para penjual dan kurir pengantar barangnya. Dan jangan lupa Gratis Ongkir sama Promo2 ttp harus dipertahankan. hahahaha... Terima kasih",5,2024-12-18 13:41:14
b9307df9-23bf-4c09-a571-4e6bf5ecd6ef,ekay,2,terbaik,5,2024-12-18 13:40:47
206cb7b1-4b34-491a-9633-94f2f433592b,Widi Yanto,2,mantap,5,2024-12-18 13:34:48
175106bb-a33f-4c6b-a7a3-0df7c3b38e9f,Tahi Dibanam,1,pengiriman nya lama sekali dehh,3,2024-12-18 13:34:44
7685ec91-7438-4d2d-b652-5978063916f8,yahyaayyah smp197,2,Bagus,4,2024-12-18 13:34:08
49a5396f-8f99-41ed-98ff-615e53f4e075,Kevin Nizami,1,Pembayaran melalui gopay later tidak bisa lagi setelah di update,1,2024-12-18 13:25:34
2a2500cd-3b20-4c7a-b2d2-341553b82131,Rizki editor,1,"Kenapa kalau mau Ckhekout COD selalu ada kendala, padahal sudah bagus sekali aplikasinya",4,2024-12-18 13:18:22
99c2e42d-ce89-4df6-b158-db2e81856f0d,oni alkhawarizmi,2,mantop,5,2024-12-18 13:09:18
213b63a0-4919-4a72-b955-4ea5eecdf4d4,ILham 99,1,"Sekarang Tokopedia sudah bleng,di kasih potongan dan gratis ongkir,pas di order,malah di batalkan sistem,kalau tidak mampu buat gratis ongkir sama potongan,gak usah di kasih,kalau alhasil cuma dibatalkan sistem,sama saja zonkkkk",1,2024-12-18 13:07:29
fcc71f37-eff6-4e42-812d-31abfcd180fe,Alevia Alfarizky,2,Mantaaap,5,2024-12-18 13:05:02
ee4f0607-fa18-4768-a966-e3c75fa2ddde,Keamanan Putra Nurul Hidayah,2,mantap👍👍👍,5,2024-12-18 13:04:03
8aadc842-4c6f-4e1c-b3ba-cfcad4eaefec,Adzkiya Putri,2,super duper keren tokopedi,5,2024-12-18 13:02:11
96fa7579-a938-4d6c-b94a-bc8908d722f6,sofian junior,2,very good,5,2024-12-18 13:01:00
8ff52d93-018b-41c0-af1a-e891df7a53f7,Pande Devata,1,Kurir tokopedia lambat semua,1,2024-12-18 13:00:16
9dca5bd2-3356-4736-b897-e5f89fc606ec,komando 11,1,Kurang disiplin toko yang tidak bener di report saja kasian kustomer...kaya sopi ketat konsumen tidak kecewa,1,2024-12-18 12:54:35
c2dbec28-c405-4ec9-a5b4-f7168dda3529,Rafly,2,mantap,5,2024-12-18 12:53:38
1f0674e7-f713-4d0d-9c83-1ca6ff5e8e88,Muhammad Imran,1,Tokopedia kenapa sering sekali update? Agak mengganggu... coba update jangan terlalu keseringan ya🙏,4,2024-12-18 12:52:01
1bfd8b1e-0075-472f-821d-8c8fb2cd2d75,Sugi Anto,2,sangat mudah dan simpel,5,2024-12-18 12:49:23
c0773a8b-bd1b-4fcd-b2d5-f0f7c5593f98,psycho- kun,1,"Setalah update malah gabisa di buka, mental mlu",1,2024-12-18 12:42:30
15c56d8d-0c00-4efb-b05d-119af03fb9c2,muhammad syahrul,2,good lah okee,5,2024-12-18 12:41:01
ffdf0a77-220d-45c5-a64f-14ddee5bd7e2,Arifin Febrian,2,mantap,5,2024-12-18 12:36:43
1e54e68d-8f6b-4551-86f3-da9c74a6d4a5,Adik Setyawan,2,Bagus,5,2024-12-18 12:31:28
a890a6bf-a6b3-4a19-be31-2d8a3929bd3b,Sadam Husein,2,mantab,5,2024-12-18 12:27:02
4650736a-3ca4-48fd-89b1-f88407666866,The Rock,1,"Aplikasi rewel dari dulu sebulan sekali harus di-update terus sedangkan aplikasi Oren tidak begitu, mana besar makan ruangnya tiap update harus hapus²in file yang lainnya dulu sampai gw bingung mau apusin file dan aplikasi apaan lagi demi satu aplikasi tololl ini, akhirnya gw uninstall ini aplikasi . Gw sekarang pakai sh*p33 atau laz*da saja yang tidak rewal seperti tokped !!",2,2024-12-18 12:25:45
9b458c0f-faef-4f06-851e-c79ada6cdf8a,Satrio Rezpector,1,"Pengiriman terbapuk, lama sekali buat 1 paket saja Sampe seminggu muluu",1,2024-12-18 12:16:45
a60c0e7b-50f9-40ac-af1d-b4426237efee,fahri ardiansyah,1,"Ayo dong. Perbaikin dari segi pengaduan, masaan setiap mau mengajukan komplain, selalu bot yang balas, kurasa syaa nggak pernah chat langsung dengan cs nya langsung",2,2024-12-18 12:15:34
f6b06a28-473b-4dba-a434-0ccf8150ab06,Jamal Lili,2,sangat membantu,5,2024-12-18 12:02:37
491d261a-1081-49e1-8a9e-2145f17bbc5f,Mas Baim,1,Dibatalkan sistem terus,1,2024-12-18 11:56:46
94faaa08-9a51-4133-98da-bef38c3d7a8d,Dian New,1,"Apk nya jelek. Ribet juga, ongkirnya juga mahal. mending apk sebelah. Satu lagi kalau memang tidak bisa untuk di checkout voucher nya itu mending sejak awal ada notifikasi tidak bisa digunakan voucher nya. Udah ribet takutkan akun habiskan data.. Saat di check out tiba tiba di batalkan otomatis oleh apknya",1,2024-12-18 11:56:05
3516d945-0fc8-42a1-9281-37029fea2dd6,Dadang,1,Notif update ganggu,1,2024-12-18 11:55:57
d33181c4-e5bc-48b9-98cd-d9b25f85dc5a,Vivo Vivo,1,"Gimana mau maju ni aplikasi, jasa ekspedisinya si lambat. Expedisi dengan rating terrendah",1,2024-12-18 11:53:59
a9223ea2-d246-46d3-96fa-94b14b0a38bf,muhammad paiszal,2,bagus,5,2024-12-18 11:48:55
cb839e53-173a-481d-acca-1859f6cbc84e,Hendra Pratama,2,mudah di aplikasikan,5,2024-12-18 11:45:12
14c9f594-f5f0-472d-ab6f-390f8adb14a3,Asep saputra0202,2,mantap,5,2024-12-18 11:44:41
dfdc6f7e-ab0f-4a3c-ae87-3751a3ee7fcc,Eri Purwono,2,muaa...ntab,5,2024-12-18 11:40:52
217e73c0-ea4b-43e2-948f-dbba0586a4ef,Nyoman Suweca,2,sangat mudah dan respon cepat,5,2024-12-18 11:35:20
bd70f20e-99e9-405f-b60f-67ab223ffcf5,Abdhan Ali mudzakir,2,cepet dan murah sekali,5,2024-12-18 11:31:44
0576cb09-5172-4a56-a488-7f450600bdcd,Puji Lestari91,1,kurir nya judes judes,3,2024-12-18 11:27:44
e7688d2b-9750-4c29-9097-f0531c0a55b2,Moli Lenggu,2,Terima kasih tokopedia yang telah membantu dalam memperoleh kebutuhan Jaya selalu,5,2024-12-18 11:23:27
f507f294-ee59-4c31-a729-c92589f22e91,Rudi Budiyono,0,Boleh ada iklan tapi tolong jangan berlbihan ..klo iklan banyak apa pasti rame .GK tentu juga seperti nya .tolong pihak tokped di atur iklan nya tidak saya tidak mau pakai tokped lagi iklan berlebihan ..itu bagi saya tidak kompeten..karna kalau apk ini sudah bagus pelanggan .tidak munkin bnyk pihak komplin . Mksi,3,2024-12-18 11:10:23
28c5df5a-3b5f-43e6-b7a0-06443931fdd8,2B or Not 2B,1,"Jelek sekali sistemnya, misal kurir foto paketnya terus di ubah pesanan telah sampai. Kita yang pesan gx ada konfirmasi klik tombol selesai, tapi pesanan bisa selasai sendiri. Al hasil hilang itu paket, mana gx ada pengembalian paket.",1,2024-12-18 11:10:09
343f63c5-f2c9-4d0b-bace-f27261717058,Aqlan Attaqi,2,banyak diskon,5,2024-12-18 10:47:29
b5392f35-3474-405b-aab8-047cfa766c0e,Ihwan Nauri,2,mantap,5,2024-12-18 10:36:58
951f62ee-d820-4088-92e0-9b40d786665b,Rachmadi Fendy,2,emejing,5,2024-12-18 10:28:13
cd41cfef-8c5d-4e24-ba6f-5cb52d51346d,Renisa Puteri,2,selama ini sudah 999 kali transaksi Alhamdulillah aman... terus tingkatkan....,5,2024-12-18 10:23:59
d8c80e65-994c-445a-b226-6a29ecae056e,Jenal Zaky,2,belanja ditoped mantap,5,2024-12-18 10:11:37
3c8bc135-f26f-475d-afcf-6190dd4bca59,Arief Rakhman,2,bagus..aman,5,2024-12-18 10:04:06
0128d313-b030-4995-b295-454fe197b2bd,R Wijayakusumah,0,ok,5,2024-12-18 10:01:52
01be7d8b-3604-4ee4-92d8-d08bea113ade,Mhmd Abror,0,ok,5,2024-12-18 09:58:53
1b8fbadc-4921-4d30-bbe4-03537ee6f1cf,Hesa Maheswara,2,Platform online terbaik,5,2024-12-18 09:54:21
f953c00e-174d-4bc1-a0e6-20a7bf1bb24a,Dwi Prasetyo Banjarnegara,1,"Males sekali belanja di Tokopedia sekrng ini, sudah tidak ada gratis ongkir. Mnding apk sblh, min belanja 30k dapat gratis ongkir",1,2024-12-18 09:47:36
fda1f133-7747-4ea6-b207-01aea76b7238,Siti Nurhayati,2,mantaaappppp bnyk promo,5,2024-12-18 09:43:37
0e263b94-ce97-4d0a-a4b9-b9e563664736,War Ti,2,good joob,5,2024-12-18 09:43:01
fee70ab6-948b-4f9d-929b-9ff7633c09f7,Sol Likin,1,knpa stelah di perbarui malah tidak bisa masuk akun slalu kluar terus,2,2024-12-18 09:38:36
2f28161e-ec08-48f8-b8c3-79967c8e4977,Choky Papua Barat,1,Setelah update terbaru malah tidak bisa buka pesan lama dan tidak bisa hapus pesan.. Lama2 Tokopedia makin parah pelayanannya,3,2024-12-18 09:38:06
dbdbf6b5-e1c4-417b-aba4-e91e29a93a98,Ani Nopiani,2,bgus,5,2024-12-18 09:37:22
2b3969b4-6da7-4abe-82fb-7755a224d345,Pa'on van Houten,2,mantap,5,2024-12-18 09:32:38
bbcc00ce-c013-4f32-9401-b18cf06bba8b,Widodo Do,2,Sangat membantu dan proses Cepat,5,2024-12-18 09:29:41
d6e716ab-4760-4e69-b991-2b0f69d1a16f,Riadi wisnu murti,2,Oke kok,5,2024-12-18 09:29:04
df3e74a3-829d-49f3-85e3-45869b440937,DIDIK QU,1,Kirim otp privyid kenapa ribet banget???? Kenapa dipersulit aksesnya ke platform???,2,2024-12-18 09:21:35
f01b7c6f-b5ef-43c0-88c0-c1276ff5b575,Ajib Adhim,0,Kenapa tidak bisa hapus pesan di inbox,5,2024-12-18 09:19:51
cbb12d8c-4b5c-4dd7-b493-e1a98f554eeb,Danish Rafansyah,2,"Aplikasi belanja dengan diskon terbesar apalagi buat pengguna baru, barang dengan hrga 50rb jadi belasan rb ini tokped ngasih diskon apa sedekah😭",5,2024-12-18 09:08:03
7056f187-ea5d-46ea-8871-4dcb6324e1ec,Fareal Yuliansyah,1,"kocak sekali ni tokped,pengguna baru make voucher tapi pesanannya di batalkan sistem, mana ilang lagi voucher pengguna barunya kocak bgttt",1,2024-12-18 08:54:14
4e371edf-d71f-40fa-8296-e7523fc300c8,RAPA A.P.,2,murahh murah bngt pliss aku suka kenapa tidak dari duluu ya tapi kalau abis beli nanti harganya jadi mahal lgi tapi nnti jadi murah lagi min suka deh,5,2024-12-18 08:52:32
0089cebe-febd-4136-a6ba-dabb5286209d,war dy,2,transaksi lebih praktis,5,2024-12-18 08:44:50
2500201a-314b-4c3d-a7b9-3ae7fdcf4ceb,Imam Lutfiansyah (Lutfi),1,"Tokopedia dan Sicepat sama-sama ampas, tahu begitu mending bayar jasa ongkir dari pada pakai embel² gratis ongkir tapi penyedia layanan bapuk 11.12. Di aplikasi lain pakai jasa ongkir aplikasi aman² aja, lha ini si tokped dan Sicepat sama-sama amburadul kocak².",1,2024-12-18 08:42:11
f68b2e2b-8385-4265-bc59-2bfbd44a3b0c,M Faisz,2,Sangat puas,5,2024-12-18 08:23:11
19efcd38-84c5-4672-9968-084ed59f77b6,Romli Ahmad,2,Puas,5,2024-12-18 08:22:47
2c85b9e2-2541-4c92-8e39-0c59794938ab,Iman Sudirman,2,"mudah2han,Han amanah",5,2024-12-18 08:20:50
a2aab097-575e-446f-8ff7-fa321e3f2447,GSRS0267 CHANNEL,2,mantap,5,2024-12-18 08:12:53
618ec1bd-6d53-4620-a69d-84b52e089ad1,TOMY Darmawan,2,"Saya Jual Barang kepada Pembeli, Pembeli Komplain dan Minta pengembalian dana, Akhirnya dananya sudah dikembalikan kepada pembeli melalui transaksi Tokopedia, tapi barang Saya tidak dikembalikan sama si pembeli, Tokopedia Acuh tidak Acuh..tidak mau membantu.. barang Saya yang dicuri pembeli sudah mau 2 Minggu tidak teratasi sampai saat ini 18 Des 2024",1,2024-12-18 08:10:56
bdbb18d2-e45c-4604-b00b-10db4b6d7110,eko apri8,2,puas dengan tokopedia,5,2024-12-18 08:07:59
db8b6f70-c73c-402e-9ff7-b1f3f1fc5e26,iyul mama,2,toko pedia ok,5,2024-12-18 08:04:40
d5fa018f-4068-4c9f-adc3-c3090dcdc544,khairul agul,0,ok.....,5,2024-12-18 07:57:48
5168c941-4e73-431b-a742-5b4b14d04419,Kikin Kurnia,1,"Untuk Tokopedia kenapa akun saya selalu dibatalkan oleh sistem terus setiap sudah checkout, padahal harga promo dari sistem tapi dibatalin terus oleh sistem aneh",2,2024-12-18 07:41:58
a77eab53-693d-4d6d-9ab2-2ab30ed3c9f5,Hidayat Gunawan,2,"Good,, bagus bgt....",5,2024-12-18 07:38:20
f154e1f2-00ea-4e79-b854-dc664ffe4307,RidhoHafizah D'Cling,2,mantabz. belanja jadi semakin mudah dan murah plus praktis. semoga sehat semuanya dan lancar dalam aktivitasnya,5,2024-12-18 07:35:42
73869268-565f-4ec1-bf92-3d627044c9ed,sarah Alhumayro,1,Toko pediaa tolong dong.. Tiktok shop murah sbnrnya.. Tapi pengiriman nya lamaaa bgttt aslii.. Jadi males beli di tiktok shop x toko pediaa Bisa tidak pengiriman nya dipercepat.. Kadang sampai cancel soalnya sudah tidak mood,4,2024-12-18 07:31:49
d28907c7-ce23-43c5-a907-06196f2e7092,Sri Wanto,2,terpercaya...,5,2024-12-18 07:22:09
709b11a9-791a-4802-b82f-1f46fd5e6797,Marlina Binjai,2,mantap,5,2024-12-18 07:07:00
9a9ffd14-17f9-4d69-8384-dec818d4170a,Fathia Dianf,2,"𝙨𝙖𝙣𝙜𝙖𝙩 𝙢𝙪𝙧𝙖𝙝² 𝙙𝙖𝙣 𝙗𝙚𝙧𝙠𝙪𝙖𝙡𝙞𝙩𝙖𝙨,, 𝙖𝙖𝙖𝙖 𝙜𝙖𝙠 𝙨𝙞𝙖² 𝙗𝙚𝙡𝙖𝙣𝙟𝙖 𝙤𝙣𝙡𝙞𝙣𝙚 𝙙𝙞 𝙏𝙤𝙠𝙤𝙥𝙚𝙙𝙞𝙖 𝙥𝙤𝙠𝙤𝙠𝙣𝙮𝙖 𝙩𝙝𝙚 𝙗𝙚𝙨𝙩 𝙙𝙚𝙝 😍🥰",5,2024-12-18 06:52:51
212c91ea-e524-4304-a41b-7b5905789054,Xylpharion Stratos,2,Sangat membantu 👍🤩,4,2024-12-18 06:49:47
deef68c2-944b-4616-8338-5a45ad05f948,Nardi Sugiyarto,2,Sangat membantu,5,2024-12-18 06:41:14
b329cbb3-8b80-4000-805a-3b25cf3fb24a,Neng Yuli Yanti Ateu,2,kewren muantappp...poko nya tokopedia tidak ada duanya ...pertahankan Apl tokopedia jadi kebanggaan kita semua amin...sucses selalu tokopedia🥰🥰🥰,5,2024-12-18 06:36:49
b6743185-d083-4570-a1e8-98c6c0bcd97b,Agung Pribadi,2,mengesankan,5,2024-12-18 06:05:48
4a4f9541-ed0f-49b8-88a3-a4821f8fea88,Abdul Rojak,2,"cepat , pembelian pertama di tokopedia Mudah2an lancar bisa buat langganan",5,2024-12-18 06:05:06
2e94e6b5-8fb5-4bd2-96fa-ddc206a84f24,Kian Santang,1,"Aplikasi sampah, limit masih besar pembayaran lancar tapi paylater nya malah diblokir",1,2024-12-18 05:58:14
07488e51-80b4-4b04-b31d-c6acdde2cf05,Iman Fajar M,2,Terpercaya,5,2024-12-18 05:48:36
4e2dc7de-3fc9-4aa2-b56b-053334cb0a6f,tommy aditioro,2,juossss,5,2024-12-18 05:46:13
51748715-7b08-4e4f-acb8-671725438d19,abdul gofur,0,memuaskan kan note: tolong di tambah kan menu warna pilihan barng dan ukuran barang. dan tolong di lengkapi lagi pilihan barang barang yang ingin customer beli,4,2024-12-18 05:30:41
cba2c0e3-ebda-47b6-b17a-036e5714d8dc,Asep Toni Sonjaya,2,terbaik,5,2024-12-18 05:18:35
335d26b1-c69f-4c6e-b475-2bd8d8e97998,Jenal Abidin,1,tokopedia buat naik darah expedisinya pada ngaco...barang lama datang mulai saat ini q tidak mau lagi pakai tokopedia sama istriku jga tidak boleh beli d tokopedia karena beli barang sllu telat datang...dah gtu tidak bisa ngulas jasa kirimnya... KOCAKKKKK mnding shopee ja sslu cepet karena q sllu beli barengan sama tokopedia lo telat ya beda 1-2 hari mah tidak pa2 wajar kdng smpe 4-5 hari kan kocakkk,1,2024-12-18 05:16:41
6803b69d-009e-400f-8f32-ffe1808e9d67,Nur Cinta,2,bagus,4,2024-12-18 05:10:05
c4a58d44-484e-47d4-978f-0a52cee31594,Chop Shop,2,recommend,5,2024-12-18 04:39:08
5a470ea0-6f29-469f-aecd-2d0ed0b6a97b,Amiratun Nafisa,1,"Tidak bisa chekout , padahal sudah benar semua , sudah beberapa hari seperti itu , saya kira signalnya tapi ternyata bukan , malah saya buat co di aplikasi lain enak² saja ... Entah kenapa itu , mamang Tokopedia random . Dan tidak bisa dapat penjelasan yang jelas . Tanya tokper nya , malah chat otomatis ...",4,2024-12-18 04:39:05
8eaa5416-48db-4ffc-a542-46ce9568a847,Ujang Tridarma,2,Bagus,4,2024-12-18 04:03:16
96cdf3b9-e9f8-4a07-a6e4-68cf99d14cdc,Jeanny Chow,1,"Kalau sudah dibatalkan langsung dari sistem Tokopedia dan kesalahan dari pihak seller, ongkir pun tidak lagi dikembalikan ke customer.. jelas-jelas pembeli dirugikan sekali .. barang tidak dapat uang pun lenyap Di proses pengembalian uang sudah sampai setahun juga jawabannya diproses melulu",2,2024-12-18 03:56:51
fc535aa0-bcdd-4b3a-a3cf-76784b9a1514,Kurnia Saja,2,mantap,5,2024-12-18 03:24:00
601bc582-2a65-4344-8bbc-0b9df192a856,suli Yanti,2,sangat membantu dalam berbelanja.. trimakasih Tokopedia. banyakin kupon nya lagi biar sering belanja,5,2024-12-18 02:30:28
56470f17-1193-4dd4-9fb6-11a77260e967,Miaw Miawuu,1,"Setelah update sekarang, untuk tokopedia website malah tidak bisa pakai gratis ongkir, jelekk, hp samsung j2 tidak kompatibel dengan aplikasi",1,2024-12-18 02:21:13
ea9384ee-b70e-4710-8d91-0bb56fca3816,Toko Online,1,"Ngapain ni apk kgk bsa d gunakan jka belum updet.. Bodo ni depelover. Jd kagk bsa blanja dah. Duit kgk datang ke eluu. Coba tnp updet ,bsa ttp di gunakan. Pst cuan ngalir trsss.. Sebelum nya tnp updet ,bsa d gunakan ,skrg WAJIB UPDET. MAMPUSSS KAGAK BSA TRANSAKSI ,LU YG RUGIII... Jd sering blnja di sopi dan lazada dahh",1,2024-12-18 01:59:55
b58cc90f-cad8-44bd-8153-8407034e6069,Alif Firdaus,2,cocok buat belanja,5,2024-12-18 01:57:59
4db95d1f-5504-4634-a5c7-ac0af529ae53,Ahmad Rustandi,1,Ga jelas,1,2024-12-18 01:56:53
90088ebc-9667-4b32-ba3a-fb18368cc234,R.S Jitu,1,"Payah belanja di toped terlalu banyak aturan untuk olah raga menembak kasihan yang jualan sperpak senapan angin sering kena blokir,karna aturan yang tidak boleh jualan unit senapan angin dan sperpack mimis payah.lama2 orang pindah ke BL atw shoppe.",1,2024-12-18 01:41:45
6d07cdda-ca93-4842-b56d-345ae94f6f01,Suharto,2,Tokopedia adalah sahabat sejati berbelanja murah dan aman.,5,2024-12-18 01:40:56
f13788fd-a5a4-46e5-8c9d-3a1852a09c18,henri wibowo,2,makasih tokped,5,2024-12-18 01:37:07
4f010386-f564-4a30-ad02-9531de5388b9,Santri Mbalelo,2,Mantap,5,2024-12-18 01:19:05
9cc98404-2b60-4134-a99a-6b74f1009254,Pujiato Anto,2,semogga amanah,5,2024-12-18 01:11:54
6a6e0bf3-9952-4b23-87f0-650a65cd6947,Khusni Mubaroq,2,👍🏻,5,2024-12-18 01:03:51
3ed70b11-368a-46af-9c57-9bf9fb347e54,iwan nyo,2,👍,5,2024-12-18 00:58:00
938070f4-2cc9-4047-9ef2-bf2e6e36cdfb,Cahyo Hadi,1,"sangat mengecewakan, sudah dpat diskon untuk pengguna baru ehh, sudah beli barang yang gw mau malah dibatalkan oleh sistem, ""SANGAT MENGECEWAKAN""",1,2024-12-18 00:43:37
fbb27ec7-3278-4937-af5c-8134199cf295,Arly Genx,0,Semoga bisa sering mendapatkan vocer dari tokopedia seperti yang lainnya Akan sangat membantu di saat harga serba naik,5,2024-12-18 00:33:53
7e50b38e-8c67-400d-87db-daaeae6a3f12,Muhammad Lukman,1,Masih banyak toko yang jual produk barang tidak amanah,1,2024-12-18 00:31:15
2a4e555f-8b44-47be-8d75-e46154fc1b76,Winda Budiarti,1,"Tolong dong, batas kirim nya jangan terlalu lama, masa 5 hari baru di kirim barang nya,, kan mles tunggu nya jga kalau sampai seminggu sama perjalanan",3,2024-12-18 00:25:56
c54cef9e-e4f5-492c-8256-bbe6c69b3e59,Maharina Drupadi,1,Pengalaman kurang baik belanja 3 kali dibatalkan padahal metode pembayaran transfer bukan cod.,1,2024-12-18 00:19:39
924c3cd4-8e73-4f07-a3c8-16ae8b9acd77,aida pratiwi,1,"Banyak sekali seller yang gajelas, tulisannya pro tapi gajelas,pesan barang tidak dikirim kirim, dah aku mending uninstall aja, belanja di Shopee saja aku, males sekali sama toped, bukan di blom toko begituan.",1,2024-12-18 00:12:31
e221b00f-3c0c-49ff-b6e8-21ac60c1db12,Apollo audio profesional,0,semoga bagus aplikasi Tokopedia nya,5,2024-12-18 00:00:27
55c7c998-2eac-4a8b-bb21-8242c2754ebc,Inara Eka,2,toko pedia asik,5,2024-12-17 23:32:13
9eac3e99-0ebd-48c6-8b12-441da1f0e199,aLeXander SrG,1,Sangat buruk,2,2024-12-17 23:21:54
3d02fdad-1f76-4332-9711-3787496c421a,El manan,1,"Maaf saya kasih bintang satu, buat apa banyak promo KALAU paket diterima jne yang mana ditempat saya jne Pajajaran dengan rating terburuk bintang 1 dari 6000 rating, dan pengiriman tidak bisa dicustom. Promo jadi hangus, kasian seller kena php. Kalau ingin saya ganti penilaian saya, HAPUS PENGIRIMAN JNE YANG AMPASS!!",1,2024-12-17 22:50:55
504952cb-7436-4254-9bcd-73f26a6796df,fast blitz,1,Kok susah di instal aplikasi nya yah,5,2024-12-17 22:49:36
a33ca3cb-3ac7-4293-923a-df7ae7ffa3c3,Beny lak,1,"kenapa pas pilihan pembayaran blank putih , jadi tidak bisa pembayaran",3,2024-12-17 22:48:54
023d8205-a89d-460e-8438-6f1d2d641435,Farras Ariq,1,"Terlalu banyak pesanan yang di batalkan padahal saya beli cash tidak kredit dan pembeliannya jutaan bukan receh, saya rasa banyak sekali pengguna tokopedia yang kasusnya seperti saya, ini membuat reputasi dan namabaik tokopedia jelek untuk pengguna loyal seperti saya. saya hayap tokoledia bisa mendengar keluhan-keluhan penggunanya agar lebih baik.",1,2024-12-17 22:43:29
56edd108-46cb-49e8-8581-8321c7bf84ab,Haikal Tsaqib,1,"Skrg pindah akun harus ngetik ulang, mana harus pakai verifikasi lagi segala, ribet coy auto bintang 1 bodo amat, padahal sudah bertahun2 pakai tokped, kecewa berat",1,2024-12-17 22:28:50
23d17693-a65d-4db1-a5b7-eb182785d6e8,gojek Pensiun,1,Kode COD tapi tidak bisa COD nya,1,2024-12-17 22:24:02
031d2d19-6886-4258-9e65-0113725c89ad,jefri saputra,2,mantap,5,2024-12-17 22:21:25
925d8093-6f10-4e4f-982c-8744c3387167,Muzeiyati Muzei,2,sangat senang,4,2024-12-17 21:55:42
db4b7a84-fcfa-46a8-9150-6f5464044dbd,elioss samv phin,1,"TOPED PLISS HAPUS KURIR REKOMENDASI INISIAL ID EXPRESS, MANA LAMA BANGET JIRR, LEWATIN ESTIMASI KAGA DAPAT KOMPENSASI, HAPUS ID EKSPRESS DARI JASA REKOMENDASI",2,2024-12-17 21:44:41
b0c3ef4d-2cad-4b00-a850-c44fcf4c127d,umihabibah,2,sangat membantu,5,2024-12-17 21:42:29
3a58ff95-fd63-4454-8c57-b8f8205c43d0,Ramdani Selalukalah,1,Kurir rekomendasi paling ampas,1,2024-12-17 21:41:38
ea556899-0957-4b51-be42-f778f011b8bc,Hj. Rina Astuty,2,Bagus,5,2024-12-17 21:19:31
ce534945-c0df-4145-a3d1-e84997cfa4ac,Muhamad Ilham,0,Kok tidak ada pemilihan menggunakan pembayaran gopay coins yaaa,3,2024-12-17 21:16:06
eabb9591-19b9-4839-b79b-6fdeafe28e1d,Kartika Tutorial,1,"Aplikasi paling buruk menurut ku, respon lama, pengiriman lambat ehh dana nya pun tidak sepenuhnya dikembalikan. Aplikasi buriq",1,2024-12-17 20:43:15
04701c73-7439-4efb-9a52-84891783a4ad,Ade Imam Rivai,2,Mantab ini,5,2024-12-17 20:38:26
233f45bf-b8ab-44f6-8508-152632f957d5,Latsar Angkatan 68,1,Semua pesanan dibatalkan system... dikomplain ke CS tidak bisa menunjukan bukti apa yang dilanggar. Semakin kesini aplikasi semakin buruk.,1,2024-12-17 20:26:14
d8e11dd6-e202-41df-ac52-d4d4db78ff5f,dedy agung sanjaya (bakul krupuk),2,bagus,5,2024-12-17 20:16:29
602b23e9-85e3-4861-9905-57f846fb3654,MOH NURDIN,1,ADUH GIMANA NIH PESANAN SAYA TIDAK KUNJUNG DI PROSES KIRIM PIHAK KURIR. SUDAH 3 HARI MASA PAKET MASIH DI AREA PENJUAL KIRIM...,1,2024-12-17 20:07:08
7e45cdfd-16ae-4b53-bed7-f6bebb01f486,Muhammad Ali Mustofa,1,BELI HP TGL 29/11/24 SAMPAI SEKARANG BELUM DATANG. EVENT 12.12 SAYA TERPAKSA BELI HP LAGI TAPI SAMPAI SEKARANG BELUM DATANG JUGA. HERAN JUGA BUTUH URGENT TP MALAH BEGINI. PELAYANAN KOMPLAIN JUGA GA ADA SOLUSI. KAMIS INI SAYA PULANG KAMPUNG (BEDA PULAU). TERUS BAGAIMANA????? TRANSAKSI SELESAI SAYA LANGSUNG UNINSTALL!,1,2024-12-17 20:04:37
22e84c6e-a498-43b1-a239-83105f004ea5,Mutiara Jiwa,2,bagus,5,2024-12-17 19:53:45
ef21dcbf-da63-4ef1-8db9-66ff5d273dfb,SoulL Alaska,1,Kurang puas dengan layanannya. Apa lagi kurirnya barang blom nyampek di cek di apknya brang sudah di Terima pdhal nyampek gagak,1,2024-12-17 19:36:00
e5bbff02-998a-49bc-b6fb-95cedf1c9729,Alone destroyed,1,"Ga jelas kurirnya malah salah alamat, padahal sudah jelas keterangan alamatnya tokped cari kurir yang lebih bagus dong biar tidak kesasar terus paketnya",1,2024-12-17 19:32:18
e5ff3f30-6cd7-4db4-804c-abe7119c188e,Yani Sudihartono,0,"pengguna baru tokped, semoga lebih baik dari sebelah",5,2024-12-17 19:24:39
a0cf77e1-e4c5-44ef-ac99-d999a7633094,Aisya Aisya,1,ongkirnya mahal sekali,3,2024-12-17 19:23:14
c65bb7a3-66b9-45cf-9520-00ddfc6c0827,Fatihah Fnc,1,"Kk kenapa setiap mau belanja ada kata "" tunggu sebentar ada masalah begitu "" terus ???",3,2024-12-17 19:08:03
f0c1b137-8c32-4b6c-b9d5-e990d18fc104,Sustianah Susty,2,"Sering sering ada promo 90%, kalau bisa 1 bulan sekali diadakan promo.",5,2024-12-17 19:03:02
2e04acc3-f504-4346-b9c9-fa2f046fa5c0,Mujahidin 93,2,mantap 👍👍👍👍,5,2024-12-17 19:02:47
fa8e313c-8af4-4bde-a294-7f0313c80106,Fauzi Hakim,1,Ini sistemnya gimana sih gw beli sering sekali dibatalkan sistem padahal lagi pengen Las ditarik lagi duitnya tunggu lama pantes kalah saing sama shoppy ternyata sistem dari Tokopedia yang tidak jelas,1,2024-12-17 18:55:50
2f9a43d5-16f2-4fe7-a2cd-5fe5c80af9cb,Moch.Assabil,1,tidak ikhlas ngasih voucher,1,2024-12-17 18:45:58
ffebb1e0-f1a9-4de0-906e-b7f02b69640e,Firman Amr,2,"Saya minta tolong halaman ""Detail Pesanan"" ditambah kan alamat penjual agar lebih mudah saja,terimakasih.",4,2024-12-17 18:34:14
55c7a935-01a6-453a-ba2d-578c7459fce5,misda 77,2,bagus,4,2024-12-17 18:32:20
78064d8c-4c1c-4486-8b38-58aaebee8cf9,set all,1,"semkin hri smkin bosan belanja pki tope jasa expidisi jne / j&t lemot siput tdak niat kali mau antr brg jngn buka jasa expedisi klau gto tdk.snggup antar brg ,,kita pkai jasa bukan utg . byr bukan gratis",1,2024-12-17 18:13:55
9ee7e683-ed51-4f88-9b0a-0eb04e419fdb,pahlevi Wicaksono,0,ok,5,2024-12-17 18:10:30
e5276d8d-0541-478e-8c18-e99005f37882,Setyono,1,Iklan nya ganggu,1,2024-12-17 18:07:09
72ae58b1-8f98-4d30-a518-2bc159437658,Harun Dian,1,Saya sebagai pecinta tokopedia teramat sangat kecewa masa PAYLATER hanya bisa di gunakan ditoko tertentu.,1,2024-12-17 18:04:53
65e68ba7-49e1-494d-976e-cebd337f7200,Muhamad Rohmat,1,Mau kredit barang pakai tokopedia card tapi gagal terus. Enatah apa masalah nya,1,2024-12-17 18:04:37
16740a6f-debc-463b-b6f9-f4df8be59cf1,Muhamad Farhan,2,BAIKKKKKKK,5,2024-12-17 18:02:29
82fde407-5384-45d9-aa06-c7d2fa39f17e,Edi Max,0,Untuk tokped bagus tapi kenapa dengan pegiriman ekpedisi sicepat tapi lama.,1,2024-12-17 17:52:39
b10dde52-7d46-4bf0-ab09-da09f959834b,Muzamil Hasba,1,Jangan belanja di sini deh mending di sebelah aja...ini aplikasi belanja rusak tidak jelas sama sekali bahaya,1,2024-12-17 17:49:00
d9691dad-b370-4ebf-91f1-b14ab35bc7d0,Maky Raffa,2,memuaskan,5,2024-12-17 17:48:56
9f1d46de-90c0-46a7-96e5-18d06a3832ec,ricky rianto,1,Sekarang Tokopedia ..lelet cara kerja kurirnya yang estimasi bgitu lama...masih kalah sama Shopie cuma 2 hari kerja. .. sangat buruk pelayanan sekarang,1,2024-12-17 17:48:46
efc0cfd7-84cc-4d77-99d3-4b75f0d470b3,siti maimunah,0,ok,5,2024-12-17 17:47:55
04a68464-7d81-47a4-b32c-c36d73bc0011,Muhammad Azril,0,ok,5,2024-12-17 17:42:53
404c7eb4-03db-4cc5-8aee-f105158d20b5,Beny Electone,1,Udah mau bayar 40ribu malah batal sistem kenapa woi we bayar bukan gratisan,1,2024-12-17 17:41:09
76e0c44c-2dfa-4b24-b837-b869ea334aa5,Fiqri,0,semuanya bagus .... tapi ayolah Bako atau Vape di Android adain lah..... males sekali buka laptop kalau mau mesen itu,5,2024-12-17 17:40:31
ae9012e2-1ace-4956-af96-f413c3c5cfbb,Yorudan,1,"Penarikan dana refund saja lama bangettt ini sudah 12 jam belum juga cair, keburu kehabisan stok sisa 1 dari store!! edit update: harus chat ke customer service baru kemudian dananya cair, hadehhh",4,2024-12-17 17:39:38
693df400-ef67-4d86-b8c6-c0ce7fb6609b,Angga Putra,1,Terlalu lama untuk pengiriman barang yang dipesan.,1,2024-12-17 17:37:26
04adef5d-5a3a-4026-8795-9f4f9a3f66e7,AqyuZuzur KeQamyu,1,"Orderan saya belum diterima kok sudah berstatus 'Diterima ybs"".....foto penerima barang juga tidak ada",1,2024-12-17 17:31:58
1ac2ce09-bf97-407a-8b07-6a1a1f40342c,Me Lisa,2,banyak diskon nya,5,2024-12-17 17:29:31
653e9419-5313-4e75-9f98-dc92b86aa344,Baim Wow,1,"JNE LAMBAT, KENAPA MASIH DIPAKE??",1,2024-12-17 17:29:15
484abf0d-1268-4372-a61f-009f76a841f0,ismanto jogja,1,"Metode pembayaran ketika kita KLIK lihat semua , error mulu.. menyebalkan , keteranganya : Halaman web tidak tersedia. Padahal kita pingin bayar pakai Ewallet dana....tp knp eror mulu...halaman web tidak tersedia, akhirnya tidak jadi belanja deh..",1,2024-12-17 17:22:10
d2740b84-97bb-4a67-890b-3608029582dc,Iqball Septian19,2,baik,5,2024-12-17 17:18:19
35678df7-9a9b-472b-b4bd-43a721695fcc,Jean Tigana Tarigan,1,"Notif di chatt penjual ada 1 pas di lihat pada menu yang belum di baca ternyata tidak ada, apalah ini aplikasi, bug pesan ini sangat meresahkan bagi saya yang perfeksionis!",1,2024-12-17 17:17:51
9bbc6ee0-23dd-4b81-9d48-1fd3d4f24f65,Miftah Hudin,2,"Terimakasih Tokopedia ketika harga minyak mahal awal gabung langsung diberikan promo yang lumayan,semoga ada banyak lagi promonya",5,2024-12-17 17:11:49
8d78241d-310d-416b-b705-7f87e0edd093,VIO. CN,1,Jangan pakai apk ini rata² kurang konsisten Ama amanah kapok saya belanja d sini,1,2024-12-17 17:07:26
28e48dbc-e3eb-4421-9869-4e643971a55d,Yadin Rustandi,1,"Pelayan cs sangat lambat, konsumen ketipu juga tidak mau tau, di apk ini banyak seller bodong ( penipu ) sebaiknnya beli barang itu di shoppe",1,2024-12-17 16:58:26
dd203878-41ae-475c-ad23-e6543fa1610b,Astroboy King,2,good,5,2024-12-17 16:58:22
ba0e8fbc-5de7-45cd-867c-2eb26ad6efd8,Yu di,1,Ahh sudah 1minggu paket belum sampai dari tanggal 11-17 Desember belum ada sama sekali Penjual di toko pedia juga sok artis di chat siang bales nya besok siangnya,1,2024-12-17 16:44:29
071d85f9-88c0-4b74-95ce-f4da7661e672,Kz Rakhman,1,Iklan nya menganggu,1,2024-12-17 16:40:57
cfa4dc66-5768-4fb9-8e5a-2376737e8881,nizam Nizam,2,Keren,5,2024-12-17 16:32:17
d6a67df9-5b3d-423e-8a6e-4f5b9c5ae421,Nabila,1,"JELEK BANGET JELEK PELAYANAN NYA ,MANA KALO MESEN SEMINGGU BARU NYAMPE ,CS NYA JUGA YANG BALES BOT ,JADI GA NYAMBUNG SAMA PERTANYAAN NYA HUUU",1,2024-12-17 16:32:02
bd304d65-5ae5-4dfe-a8fb-2200b78be54a,Aji Art camp,2,bagus,5,2024-12-17 16:18:34
f66387c1-70b2-4f96-8cec-18309505243b,Reni Rmc,1,"aplikasi sangat jelek, setiap saya menggunakan diskon promo selalu saja di batalkan sistem jawab saja jika berani dan beri alasan, dasar! Aplikasi jelek",1,2024-12-17 16:14:48
c30a5bb0-2005-468b-9d3c-6d66e00bf83a,Malik Amirulah,2,Banyak dapat kemudahan dengan memakai aplikasi ini👌,5,2024-12-17 16:13:19
3dc46078-f25e-4012-af77-7cc9e3bf6291,Ferdi Diansyah,1,Aplikasi payah masak ada gangguan di rumah tokped mulu.. aplikasi tidak guna,1,2024-12-17 16:12:43
6268b735-765e-432a-a0b9-26bfa66a4c18,Aida Fitriani,1,tiap isi e-toll tidak pernah masuk saldonya padahal selalu berhasil transaksinya..,2,2024-12-17 16:04:48
b631903e-a826-4b18-82ca-e1ecfac6044e,Vanes Vincy,1,Gabisa dibelii semuaaaa.gmna sih,1,2024-12-17 15:58:24
da4e8db9-2037-43f2-937f-ddff87c4ca6c,Ikbal Sani,2,banyak promo,5,2024-12-17 15:47:53
9ffa73ea-1387-4a3a-bb6a-e0bb1f49fd45,Bocahngalam Sejahterah,1,Hati hati belanja di Tokopedia Pengiriman lamaaaaa...... Tokonya banyak penipu Kalau mau belanja online lebih baik di aplikasi sebelah saja,1,2024-12-17 15:47:08
ba37cdf3-906b-470e-ab0e-b5e3c8c17eb4,Agus Tin,1,knapa apli kasi ini di hp saya. keluar terus tidak mu masuk,2,2024-12-17 15:31:50
db985da7-afd7-4dc7-a471-4027798f565f,Andri Sobari,2,terpercaya,4,2024-12-17 15:30:24
4620fe66-513a-4c13-b8ee-3c7bfb78234d,Purwanto Skd,2,toko pedia joss mantap,5,2024-12-17 15:24:27
571320c7-bf08-4b86-bbcf-3cedcb1736aa,Nadifa Alika,1,"UNTUK TOKOPEDIA TOLONG DONG DIPERBAIKI ITU SELLER2 dan PENGIRIMAN NYA, SEKELAS MALL AJA PELAYANAN NYA BURUK MASA SELLER DAPET ORDERAN MALAH SAMPAI BATAL OTOMATIS BAHKAN DI CHAT PUN GA DIBALAS. BUKAN 1 2 SELLER AJA TAPI BANYAKKKK GIMANA ITU TOKOPEDIA, KO BUKANNYA JADI MAJU MALAH MAKIN ANCUR. ....... PERASAAN DULU WAKTU KOMPLAIN CPT DI TANGGEPIN SKRNG KOMPLAIN MALAH BERPIHAK KE SELLER",1,2024-12-17 15:22:28
0a2274a2-b8e1-4ecd-8194-363294541c40,aisyah 01,2,mantap,5,2024-12-17 15:15:12
65a7ba86-74d8-4690-80f1-3920da9bce9e,Bobby Salim,1,"Habis update malah suka erorr, mau hapus chat yang menumpuk tidak bisa",1,2024-12-17 15:00:19
c725729e-7f70-4a0c-bb44-a894ff45d69f,Zaynuddin Zaynuddin,2,semoga amanah dan terpercaya,5,2024-12-17 14:58:17
aebb5040-4a83-4463-8a81-b8df814e4b03,saca lesmana,0,Ingin mengaktifkan gopaylater,5,2024-12-17 14:45:51
8b79ab3b-0f1e-4be0-8ce7-9db92ebf8065,Viktorianus Garibaldus,2,sangat terpercaya,5,2024-12-17 14:38:05
8d2f65b1-9789-4592-8f39-7e57c71f2f3b,Nurulia Nurul,1,"masak mau batalin pesanan ribet banget. proses paketnya lama sekali lagi. saya mau batalin pesanan yang sedang proses, namun penjual katanya ngk sengaja kepencet tolak pembatalan. padahal di chat sudah saling setuju dan saya sudah ngk bisa lagi melakukan pembatalan kedua kali. sedangkan penjual ngk mau karena bisa kena pengurangan poin. seharusnya pembatalan smacam ini ngk di kasih ribet. beda sekali di shope kalau belum lama bisa di batalin pesanan nya. ogah sekali pakai toko pedia",1,2024-12-17 14:16:14
